:020000040800F2
:1000000000000220251E0008A50B0008AD0B00080B
:10001000B50B0008BD0B0008C50B00080000000070
:10002000000000000000000000000000CD0B0008F0
:10003000DB0B000800000000E90B0008F70B0008CC
:10004000751E0008751E0008751E0008751E000844
:10005000751E0008751E0008751E0008751E000834
:10006000751E0008751E0008751E0008050C0008A6
:10007000751E0008751E0008751E0008751E000814
:10008000751E0008751E0008751E0008190C000872
:100090002D0C0008410C0008550C0008751E0008C6
:1000A000751E0008690C0008751E0008751E000802
:1000B0007D0C0008751E0008910C0008751E0008D4
:1000C000751E0008751E0008751E0008751E0008C4
:1000D000751E0008751E0008751E0008751E0008B4
:1000E000751E0008751E0008751E0008751E0008A4
:1000F000751E0008751E0008751E0008A50C000876
:10010000751E0008751E0008751E0008751E000883
:10011000751E0008B90C0008751E0008751E000841
:10012000751E0008751E0008751E0008751E000863
:10013000751E0008751E0008751E0008751E000853
:10014000751E0008751E0008751E0008CD0C0008FD
:10015000751E0008751E0008751E0008751E000833
:10016000751E0008751E0008751E0008751E000823
:10017000751E0008751E0008751E000800000000AE
:08018000751E0008751E000841
:1001900010B5054C237833B9044B13B10448AFF3C1
:1001A00000800123237010BD100300200000000018
:1001B000C0DB000808B5034B1BB103490348AFF38C
:1001C000008008BD0000000014030020C0DB000810
:1001D00001F0FF01102A2BDB10F0070F08D010F8F8
:1001E000013B013A8B422DD010F0070F42B3F6D1FC
:1001F000F0B441EA012141EA014122F007047FF015
:1002000000070023F0E80256083C85EA010586EA6B
:10021000010685FA47F5A3FA87F586FA47F6A5FAA7
:1002200087F68EB9EED1F0BC01F0FF0102F00702B3
:1002300032B110F8013B013A83EA010313B1F8D15E
:100240000020704701387047002D06BF354603383F
:10025000073815F0010F07D1013015F4807F02BF78
:10026000013015F4C03F0130F0BC0138704700BFC9
:1002700053B94AB9002908BF00281CBF4FF0FF310D
:100280004FF0FF3000F088B9ADF1080C6DE904CEF5
:1002900000F006F8DDF804E0DDE9022304B0704761
:1002A0002DE9F047089D8E4604468846002B4AD12A
:1002B0008A42174662D9B2FA82F64EB1C6F12003DD
:1002C00001FA06F820FA03F3B74043EA0808B440FD
:1002D0004FEA174E1FFA87FCB8FBFEF1230C0EFB0A
:1002E000118843EA084301FB0CF29A4209D9FB1832
:1002F00001F1FF3080F0EA809A4240F2E780023953
:100300003B449A1AA3B2B2FBFEF00EFB102243EA62
:10031000024300FB0CFC9C4509D9FB1800F1FF329D
:1003200080F0D6809C4540F2D3803B44023840EABE
:100330000140A3EB0C0300211DB1F3400022C5E9ED
:100340000032BDE8F0878B4205D90DB1C5E9000147
:1003500000210846F5E7B3FA83F1002946D1734539
:1003600002D3824200F20581841A6EEB030201205F
:100370009046002DE5D0C5E90048E2E7002A00F0EC
:100380009080B2FA82F6002E40F0A4808A1A030C04
:100390004FEA174E80B2BCB20121B2FBFEFC0EFB4D
:1003A0001C2243EA024304FB0CF29A4207D9FB18D1
:1003B0000CF1FF3802D29A4200F2E080C4469B1A48
:1003C000B3FBFEF20EFB123340EA034302FB04F4DC
:1003D0009C4207D9FB1802F1FF3002D29C4200F286
:1003E000CA8002461B1B42EA0C40A5E7C1F1200669
:1003F0008B4022FA06F71F430EFA01F420FA06F3A7
:100400002EFA06FE4FEA1749234300FA01F81FFAB5
:1004100087FCBEFBF9F01C0C09FB10EE44EA0E440D
:1004200000FB0CFEA64502FA01F209D93C1900F1C5
:10043000FF3A80F09C80A64540F2998002383C4407
:10044000A4EB0E041FFA83FEB4FBF9F309FB13447B
:100450004EEA044403FB0CFCA44508D93C1903F103
:10046000FF3E80F08280A4457FD9023B3C4443EAB2
:100470000040A4EB0C04A0FB02EC64457346E1468B
:1004800062D35FD05DB1B8EB030264EB090404FAF8
:1004900006F622FA01F31E43CC40C5E900640021B0
:1004A0004FE7B1FBF2FC010C41EA0E4180B240EA99
:1004B00001423B4638463C46B846BE462026B1FB84
:1004C000F7F1A2EB080241EA0C4166E7014618E7A2
:1004D00010462CE7C6F120022EFA02F3B740B140D5
:1004E00020FA02F24FEA174E0A43B3FBFEF8BCB201
:1004F0000EFB1833110C41EA034108FB04F9B0402C
:1005000089454FEA104380B23ED9791808F1FF3C83
:1005100001D289451FD8A1EB0901B1FBFEF909FB06
:1005200004F80EFB191192B242EA0142424529D267
:10053000BA1809F1FF31C4D24245C2D2A9F1020171
:100540003A44BEE7F0459DD2BEEB02036CEB070CCC
:100550000138E14696E7A7EB09094944A8F1020CE6
:10056000B1FBFEF909FB04F8DBE773467FE7504671
:1005700066E70846FDE63B44023A33E7ACF1020C7D
:100580003B441CE749469CE7A1EB0901C446B1FB8B
:10059000FEF909FB04F8C4E7704700BF80B58AB0D4
:1005A00000AF786007F1140300221A605A609A6065
:1005B000DA601A617B681B68214A93423BD10023B1
:1005C0003B61204B1B6C1F4A43F0007313641D4BAF
:1005D0001B6C03F000733B613B690023FB60194B0C
:1005E0001B6B184A43F008031363164B1B6B03F095
:1005F0000803FB60FB6803237B610223BB610023CC
:10060000FB6103233B6209237B6207F11403194654
:100610000D4803F0D3F800220021142002F0AFFCB3
:10062000142002F0C8FC00220421162002F0A7FCCE
:10063000162002F0C0FC00BF2837BD4680BD00BFB9
:100640000064004000380240000C024080B582B0D7
:1006500000AF78607B681B680E4A934215D10E4B41
:100660001B6C0D4A23F00073136403210B4803F045
:1006700041FA132002F0ADFC142002F0AAFC152070
:1006800002F0A7FC162002F0A4FC00BF0837BD460C
:1006900080BD00BF0064004000380240000C0240F2
:1006A00080B584B000AF78602D4B2E4A0021786869
:1006B00001F0D1FF0346002B4DD12B4B5B6A294A39
:1006C00053612A4B03221A70264B1B69DBB21B01B4
:1006D000DAB2244B9B68DBB203F00F03DBB21343A7
:1006E000DAB2224B5A701F4B9B68002B02D11D4B74
:1006F0001B6801E01B4B5B68FB60FB681B0EDAB2FA
:100700001A4B9A70FB681B0CDAB2184BDA70FB6854
:100710001B0ADAB2154B1A71FB68DAB2134B5A7125
:10072000104B5B691B0EDAB2104B9A730D4B5B6971
:100730001B0CDAB20D4BDA730A4B5B691B0ADAB297
:100740000A4B1A74074B5B69DAB2084B5A740749B3
:10075000074801F029FB00BF1037BD4680BD00BF30
:100760007603002054030020000C0040700300209A
:100770009003002080B582B000AF786039607B685C
:1007800003F580431B78DAB27B6803F580435B781E
:10079000DBB29A4201D1002329E07B6803F5804354
:1007A0005B78DBB25B017A68134420221946386813
:1007B0000CF049FB202239680F480AF001FB034680
:1007C000002B13D17B6803F580435B78DBB20133E8
:1007D0005A42C3F30903C2F3090258BF5342DAB2C3
:1007E0007B6803F580435A70012300E0022318461A
:1007F0000837BD4680BD00BF6C8B002080B582B03D
:1008000000AF00237B60104B1B6B0F4A43F40013B7
:1008100013630D4B1B6B03F400137B607B6800229A
:1008200000210B2002F0ABFB0B2002F0C4FB0022E6
:1008300000212F2002F0A3FB2F2002F0BCFB00BF01
:100840000837BD4680BD00BF0038024080B58AB081
:1008500000AF07F1140300221A605A609A60DA6050
:100860001A6100233B612D4B1B6B2C4A43F0800324
:1008700013632A4B1B6B03F080033B613B6900232E
:10088000FB60264B1B6B254A43F001031363234B8C
:100890001B6B03F00103FB60FB680023BB601F4B75
:1008A0001B6B1E4A43F0040313631C4B1B6B03F0CA
:1008B0000403BB60BB6800237B60184B1B6B174AAB
:1008C00043F008031363154B1B6B03F008037B60B5
:1008D0007B6800233B60114B1B6B104A43F0020303
:1008E00013630E4B1B6B03F002033B603B6800225B
:1008F000C0210B4803F0FAF9C0237B610123BB61DF
:100900000023FB6100233B6207F1140319460448EE
:1009100002F054FF00BF2837BD4680BD00380240BA
:100920000000024080B500AF124B134A1A60114B11
:10093000124A5A600F4B00229A600E4B0022DA6076
:100940000C4B4FF480421A610A4B00225A61094B4A
:1009500000229A61074B0022DA61064B00221A62DC
:10096000044803F0DDF90346002B01D000F0ECF859
:1009700000BF80BD9443002000540040801A060050
:1009800080B58AB000AF786007F1140300221A60C6
:100990005A609A60DA601A617B681B68194A934250
:1009A0002BD100233B61184B1B6B174A43F002030A
:1009B0001363154B1B6B03F002033B613B69C023C0
:1009C0007B611223BB610023FB6103233B62042391
:1009D0007B6207F1140319460C4802F0EFFE002376
:1009E000FB60094B1B6C084A43F400131364064B6D
:1009F0001B6C03F40013FB60FB6800BF2837BD4687
:100A000080BD00BF00540040003802400004024096
:100A100080B582B000AF7860391D4FF0FF330122FE
:100A2000034805F05BFF7B6818460837BD4680BD6C
:100A30002C45002080B500AF01F01EFA00F01AF836
:100A4000FFF704FFFFF7DAFE00F0E4FC00F0AEFB76
:100A5000FFF768FF00F0FAF900F048FA00F0E0FA5A
:100A600000F090FA08F09AFA014800F055FDFBE713
:100A70005C4B002080B594B000AF07F1200330221A
:100A8000002118460CF064F907F10C0300221A60EB
:100A90005A609A60DA601A610023BB60284B1B6CB5
:100AA000274A43F080531364254B1B6C03F080539B
:100AB000BB60BB6800237B60224B1B68214A43F468
:100AC000804313601F4B1B6803F480437B607B688B
:100AD00001233B624FF480337B620223BB634FF4FC
:100AE0008003FB6304233B64A8237B640223BB6471
:100AF0000723FB6407F12003184604F0A7FC034614
:100B0000002B01D000F020F80F23FB6002233B6193
:100B100000237B614FF4A053BB614FF48053FB6112
:100B200007F10C030521184604F008FF0346002BCB
:100B300001D000F009F800BF5037BD4680BD00BFAE
:100B4000003802400070004080B400AF72B600BFB1
:100B500000BFFDE780B483B000AF00237B60104B83
:100B60005B6C0F4A43F4804353640D4B5B6C03F49E
:100B700080437B607B6800233B60094B1B6C084A09
:100B800043F080531364064B1B6C03F080533B60AF
:100B90003B6800BF0C37BD465DF8047B704700BF63
:100BA0000038024080B400AF00BFFDE780B400AF62
:100BB00000BFFDE780B400AF00BFFDE780B400AF29
:100BC00000BFFDE780B400AF00BFFDE780B400AF19
:100BD00000BFBD465DF8047B704780B400AF00BF26
:100BE000BD465DF8047B704780B400AF00BFBD46D2
:100BF0005DF8047B704780B500AF01F08FF900BF4E
:100C000080BD000080B500AF024802F09BFB00BF32
:100C100080BD00BFD445002080B500AF024801F080
:100C200062FE00BF80BD00BF2C03002080B500AF76
:100C3000024801F058FE00BF80BD00BF2C03002019
:100C400080B500AF024801F04EFE00BF80BD00BF7E
:100C50002C03002080B500AF024801F044FE00BF25
:100C600080BD00BF2C03002080B500AF024805F016
:100C700004FA00BF80BD00BF0C44002080B500AF67
:100C8000024805F0FAF900BF80BD00BF54440020BF
:100C900080B500AF024805F0F0F900BF80BD00BF8D
:100CA0009C44002080B500AF024802F04BFB00BF1F
:100CB00080BD00BF7445002080B500AF024805F03C
:100CC000BDFE00BF80BD00BF2C45002080B500AF39
:100CD000024803F0ADFA00BF80BD00BF34460020DB
:100CE00080B586B000AFF860B9607A6000237B61A0
:100CF0000AE0AFF300800146BB685A1CBA60CAB272
:100D00001A707B6901337B617A697B689A42F0DBF8
:100D10007B6818461837BD4680BD80B586B000AFE9
:100D2000F860B9607A6000237B6109E0BB685A1CF7
:100D3000BA601B781846FFF76BFE7B6901337B6155
:100D40007A697B689A42F1DB7B6818461837BD46A2
:100D500080BD80B483B000AF78604FF0FF33184699
:100D60000C37BD465DF8047B704780B483B000AF9C
:100D7000786039603B684FF400525A60002318468F
:100D80000C37BD465DF8047B704780B483B000AF7C
:100D90007860012318460C37BD465DF8047B704728
:100DA00080B485B000AFF860B9607A60002318465F
:100DB0001437BD465DF8047B7047000080B586B0EF
:100DC00000AF7860144A154BD31A7B617B693B6195
:100DD000134B1B68002B02D1114B124A1A60104BA7
:100DE0001A687B6813443A699A4207D20BF0FEFFF7
:100DF00003460C221A604FF0FF3309E0084B1B68D2
:100E0000FB60074B1A687B681344054A1360FB6854
:100E100018461837BD4680BD0000022000040000BF
:100E20000844002000A6002080B400AF064BD3F891
:100E30008830054A43F47003C2F8883000BFBD46CD
:100E40005DF8047B704700BF00ED00E080B586B020
:100E500000AF07F1080300221A605A609A60DA6056
:100E60003B4600221A605A601E4B1F4A1A601D4BF7
:100E7000A7225A601B4B00229A601A4B40F2E732BD
:100E8000DA60184B00221A61164B00225A61154B8A
:100E900000229A61134804F071FF0346002B01D031
:100EA000FFF752FE4FF48053BB6007F10803194669
:100EB0000C4805F0D2F90346002B01D0FFF744FEA1
:100EC00000233B6000237B603B461946054805F044
:100ED000F3FB0346002B01D0FFF736FE00BF1837A7
:100EE000BD4680BD0C4400200000014080B586B0A6
:100EF00000AF07F1080300221A605A609A60DA60B6
:100F00003B4600221A605A601D4B4FF080421A6027
:100F10001B4B53225A601A4B00229A60184B40F622
:100F2000B832DA60164B00221A61154B00229A6122
:100F3000134804F023FF0346002B01D0FFF704FE03
:100F40004FF48053BB6007F1080319460C4805F0C5
:100F500084F90346002B01D0FFF7F6FD00233B6028
:100F600000237B603B461946054805F0A5FB034678
:100F7000002B01D0FFF7E8FD00BF1837BD4680BD4C
:100F80005444002080B586B000AF07F1080300226A
:100F90001A605A609A60DA603B4600221A605A6012
:100FA0001D4B1E4A1A601C4B53225A601A4B0022DA
:100FB0009A60194B4FF49672DA60174B00221A614F
:100FC000154B00229A61144804F0D8FE0346002B0A
:100FD00001D0FFF7B9FD4FF48053BB6007F1080360
:100FE00019460D4805F039F90346002B01D0FFF7EB
:100FF000ABFD00233B6000237B603B46194606485F
:1010000005F05AFB0346002B01D0FFF79DFD00BF02
:101010001837BD4680BD00BF9C440020000800403A
:1010200080B586B000AF07F1080300221A605A604D
:101030009A60DA603B4600221A605A601D4B1E4AD5
:101040001A601C4B42F2CF025A601A4B00229A607F
:10105000184B4FF0FF32DA60164B00221A61154B25
:1010600000229A61134804F089FE0346002B01D048
:10107000FFF76AFD4FF48053BB6007F10803194680
:101080000C4805F0EAF80346002B01D0FFF75CFDA1
:1010900000233B6000237B603B461946054805F072
:1010A0000BFB0346002B01D0FFF74EFD00BF1837A6
:1010B000BD4680BDE4440020000C004080B586B0F1
:1010C00000AF78607B681B68344A934216D10023D6
:1010D0007B61334B5B6C324A43F001035364304B0A
:1010E0005B6C03F001037B617B6900220321192003
:1010F00001F045FF192001F05EFF4AE07B681B68A4
:10110000B3F1804F16D100233B61254B1B6C244A61
:1011100043F001031364224B1B6C03F001033B619A
:101120003B69002203211C2001F029FF1C2001F053
:1011300042FF2EE07B681B681A4A934216D10023B7
:10114000FB60174B1B6C164A43F004031364144BEB
:101150001B6C03F00403FB60FB68002202211E20CD
:1011600001F00DFF1E2001F026FF12E07B681B68D6
:101170000D4A93420DD10023BB60094B1B6C084AFA
:1011800043F008031364064B1B6C03F00803BB60B9
:10119000BB6800BF1837BD4680BD00BF00000140DE
:1011A0000038024000080040000C004080B500AF4D
:1011B000114B124A1A60104B4FF4E1325A600E4B39
:1011C00000229A600C4B0022DA600B4B00221A615D
:1011D000094B0C225A61084B00229A61064B0022EF
:1011E000DA61054805F0F8FA0346002B01D0FFF755
:1011F000ABFC00BF80BD00BF2C450020005000406C
:1012000080B58AB000AF786007F1140300221A603D
:101210005A609A60DA601A617B681B685C4A934284
:1012200040F0B18000233B615A4B1B6C594A43F498
:1012300080131364574B1B6C03F480133B613B69B1
:101240000023FB60534B1B6B524A43F004031363B0
:10125000504B1B6B03F00403FB60FB680023BB6077
:101260004C4B1B6B4B4A43F008031363494B1B6BFE
:1012700003F00803BB60BB684FF480537B6102231B
:10128000BB610023FB6103233B6208237B6207F100
:1012900014031946404802F091FA04237B610223AB
:1012A000BB610023FB6103233B6208237B6207F1E0
:1012B00014031946394802F081FA394B394A1A6049
:1012C000374B4FF000625A60354B40229A60344BE6
:1012D0000022DA60324B4FF480621A61304B0022F8
:1012E0005A612F4B00229A612D4B0022DA612C4B60
:1012F0004FF400321A622A4B00225A62284801F049
:1013000083FE0346002B01D0FFF71EFC7B68244AB6
:101310009A63234A7B689363234B244A1A60224BC7
:101320004FF000625A60204B00229A601E4B002250
:10133000DA601D4B4FF480621A611B4B00225A6128
:10134000194B00229A61184B0022DA61164B4FF4B8
:1013500000321A62144B00225A62134801F054FE04
:101360000346002B01D0FFF7EFFB7B680E4ADA63E0
:101370000D4A7B68936300220221352001F0FFFDB6
:10138000352001F018FE00BF2837BD4680BD00BFE4
:10139000005000400038024000080240000C0240AB
:1013A00074450020B8600240D4450020106002401F
:1013B00080B582B000AF78607B681B68114A9342A9
:1013C0001BD1114B1B6C104A23F4801313644FF490
:1013D00080510E4802F08EFB04210D4802F08AFB7A
:1013E0007B689B6B184601F0BDFE7B68DB6B184683
:1013F00001F0B8FE352001F0ECFD00BF0837BD4616
:1014000080BD00BF0050004000380240000802408C
:10141000000C024080B500AF144B4FF0A0421A60A0
:10142000124B04221A71114B0222DA710F4B002267
:101430009A710E4B02225A720C4B00229A720B4B7D
:101440000022DA72094B00221A73084B00229A73A9
:10145000064B0022DA73054802F0A6FD0346002B76
:1014600001D0FFF771FB00BF80BD00BF34460020F4
:1014700080B58AB000AF786007F1140300221A60CB
:101480005A609A60DA601A617B681B68B3F1A04FFA
:101490003AD100233B611E4B1B6B1D4A43F00103F5
:1014A00013631B4B1B6B03F001033B613B694FF460
:1014B000C0537B610223BB610023FB6103233B62BA
:1014C0000A237B6207F114031946124802F076F9E9
:1014D0000F4B5B6B0E4A43F0800353630023FB60AA
:1014E0000B4B5B6C0A4A43F480435364084B5B6CC0
:1014F00003F48043FB60FB6800220121432001F0DC
:101500003EFD432001F057FD00BF2837BD4680BD9A
:101510000038024000000240B0B58AB000AF7860E9
:1015200007F108032022002118460BF011FC7B680C
:1015300003F580431B78DAB27B6803F580435B7860
:10154000DBB29A4201D1012335E07B6803F5804389
:101550005B78DBB25B017A68134407F108041D462F
:1015600028686968AA68EB680FC428696969AA696C
:10157000EB690FC43B7A1A46114B53F8223007F13E
:101580000802104698470346002B01D0022312E0C0
:101590007B6803F580435B78DBB201335A42C3F3C7
:1015A0000803C2F3080258BF5342DAB27B6803F55E
:1015B00080435A70002318462837BD46B0BD00BF8F
:1015C0000400002080B483B000AF0A4B5B6A7B60EC
:1015D00032233B6000BF074B5A6A7B68D31A3A68D4
:1015E0009A42F8D800BF00BF0C37BD465DF8047BB7
:1015F000704700BF000C004080B582B000AF78603B
:101600007B6801331B78002B10D1786800F02CF830
:101610000346002B1BD07B680C33114A12781A70DA
:101620007968104800F0C0FB012314E0786800F0EE
:1016300053F80346002B0CD07B680C33084A127811
:101640001A707968074800F0AFFB012303E000BF80
:1016500000E000BF002318460837BD4680BD00BF2C
:10166000648B00209003002080B582B000AF7860CA
:10167000154800F092FD0346002B06D0134A13785C
:1016800043F08003137001231AE0114804F0C6FCF4
:101690000346002B06D00D4A137843F02003137045
:1016A00001230DE00B4804F021FC0346002B06D07B
:1016B000064A137843F040031370012300E000232F
:1016C00018460837BD4680BD2C030020648B0020DF
:1016D0009C440020E444002080B582B000AF7860D4
:1016E000786800F04BF80346002B06D01F4A1378A9
:1016F00043F004031370012334E0786800F042F9EA
:101700000346002B06D0194A137843F008031370E0
:10171000012327E0164800F041FE0346002B06D0C7
:10172000124A137843F01003137001231AE0114892
:1017300004F004FC0346002B06D00C4A137843F057
:101740000103137001230DE00B4804F067FB03460F
:10175000002B06D0054A137843F0020313700123CF
:1017600000E0002318460837BD4680BD648B00208A
:101770002C0300209C440020E444002080B58AB063
:1017800000AF78607B6802331B781B027A680132F5
:10179000127813434FF47A7202FB03F37B627B6887
:1017A00004331B781BB21B021AB27B6803331B780D
:1017B0001BB213431BB27B8407F108037A8C796A4E
:1017C000184600F03BF81B4B1B4A1A60FB681A4690
:1017D000184B5A60174B00229A60164B0022DA60B1
:1017E0003B69013B1B04134A13617B69013B1B05E9
:1017F000104A53610F4B00221A760E4B01225A7683
:101800000C4B00229A760B4B0022DA76094B002211
:101810001A77084B00225A77064800F0C3FB0346AC
:10182000002B01D0012300E0002318462837BD46D5
:1018300080BD00BF2C03002000640040B0B592B012
:1018400000AFF860B9601346FB8007F11403002273
:101850001A605A609A60DA601A615A61474BBB623B
:1018600008237B6478E004F061FA0246BB68B2FBAF
:10187000F3F37A6CB3FBF2F101FB02F29B1A002B3B
:1018800066D104F053FA0246BB68B2FBF3F27B6CFC
:10189000B2FBF3F3BB6301233B6455E00123FB631D
:1018A0004CE03B6C5A1CFB6B13447A6C9A4241D15E
:1018B0003B6C07EE903AF8EEE77AB7EE007A77EEF7
:1018C000876A7B6C07EE903AB8EEE77AC6EE877AC5
:1018D000C7ED0D7AD7ED0D7A9FED297A67EE877AFD
:1018E000FCEEE77A17EE903A7B867A8EFB88D31A65
:1018F00007EE903AB8EEE77ADFED216AC7EE267A76
:10190000F0EEE77AC7ED0B7AD7ED0A7A97ED0B7A0E
:10191000B4EEE77AF1EE10FA0DD57B6C7B61BB6B10
:10192000BB613B6CFB61FB6B3B627B6B7B62FB6A6D
:10193000BB6200E000BFFB6B0133FB63FB6B082B5A
:10194000AFDD3B6C01333B643B6C102BA6DD00E04C
:1019500000BF7B6C01337B647B6C192B83DDFB68E0
:101960001D4607F114040FCC0FC594E8030085E869
:101970000300F8684837BD46B0BD00BFFFFF7F7F5A
:1019800000007A4480B584B000AF78607B6809338A
:101990001B781A067B6808331B781B041A437B6884
:1019A00007331B781B0213437A68063212781343FD
:1019B000FB607B680D331B781A067B680C331B7841
:1019C0001B041A437B680B331B781B0213437A6892
:1019D0000A3212781343BB607B6805331B781A46C2
:1019E000B968F86800F00AF80346002B01D001231B
:1019F00000E0002318461037BD4680BD80B588B092
:101A000000AFF860B9601346FB71BA68FB68D31A7F
:101A10000133FB61FB695A1EFB691340002B01D0A7
:101A2000012388E0FB79002B2DD1FB68B3F5006F13
:101A300003D2BB68B3F5006F01D301237BE0FB69E0
:101A40005B42C3F30A03BB61BB69DA43FB68134023
:101A5000002B01D001236EE0FB685B017B61BB6959
:101A60005B01BB617B699BB21A46354B1A60344BF4
:101A700000225A60BB699BB21A46314B9A60304BC8
:101A80000022DA6036E0FB68B3F1005F03D2BB6886
:101A9000B3F1005F01D301234DE0FB695B4223F00A
:101AA0006043BB61BB69DA43FB681340002B01D084
:101AB000012340E0FB68DB0043F004037B61BB696A
:101AC000DB0043F00403BB617B691B0C9BB21A462D
:101AD0001B4B1A607B699BB21A46194B5A60BB6953
:101AE0001B0C9BB21A46164B9A60BB699BB21A46F6
:101AF000134BDA60124B00225A61114B00229A619B
:101B00000F4B0122DA610E4B00221A610C4B0122AD
:101B10001A620B490B4800F063FB0346002B07D108
:101B200048F60271074800F0B8FE0346002B01D0CA
:101B3000012300E0002318462037BD4680BD00BFCA
:101B4000304B00202C03002080B584B000AF7860BB
:101B50007B6801331B781A067B6802331B781B04F1
:101B60001A437B6803331B781B0213437A680432E1
:101B700012781343FB607B68053319787B68063362
:101B80001A46F86800F050F80346002B01D00123F4
:101B90003FE0224B1B68002B31D0204B1B681A0EF4
:101BA0007B680E33D2B21A701C4B1B681A0C7B6810
:101BB0000F33D2B21A70194B1B681A0A7B681033A4
:101BC000D2B21A70154B1A687B681133D2B21A70F0
:101BD0007968134800F0E8F8104B1B6803F0040321
:101BE000002B01D0002314E00E4B5B690D4A83F0FB
:101BF00080035361094B00221A60012309E0074B5F
:101C000000221A60074B5B69064A83F04003536168
:101C1000002318461037BD4680BD00BF608B0020F2
:101C2000900300200000024080B584B000AFF8604F
:101C30000B467A60FB72FB7A03F00F03002B08D08F
:101C4000042B0DD11A4B04229A60194AFB68536089
:101C500006E0174B00229A60154AFB68136000BF2C
:101C6000134B0022DA60FB7A1B09DBB21A46104BD9
:101C70001A610F4B00221A750E4B1B68002B09D0FE
:101C80000C4B1B6803F00403002B01D000230AE077
:101C9000012308E0084B7A680549084800F00BFC6E
:101CA000FFF790FC002318461037BD4680BD00BFEB
:101CB000184B0020608B0020584B00202C03002084
:101CC00080B584B000AF786039607B6803F58043ED
:101CD0001B78DBB201335A42C3F30803C2F3080294
:101CE00058BF5342FB737B6803F580435B78DBB2DC
:101CF000FA7B9A4201D1002313E07B6803F580430D
:101D00001B78DBB25B017A681344202239681846DD
:101D10000BF099F87B6803F580431A46FB7B137040
:101D2000012318461037BD4680BD000080B588B03D
:101D300002AF78607B685B6A174A13607B685B6AF6
:101D400003F00403002B20D014480AF0EBFE1448E3
:101D500000F0EEFF0346FB75114B5B6A3B61104BD5
:101D60001B689B69FB60FB68FB72FB681B0ABB720C
:101D7000F97DFB7ABA7A01920093FB683A690948C7
:101D80000AF068FE064800F04DFB7B6800225A62AC
:101D900000BF1837BD4680BD608B0020D8DB00082F
:101DA0002C030020F8DB000880B584B000AF786019
:101DB00039607B6803F580431B78DBB201335A42FC
:101DC000C3F30903C2F3090258BF5342FB737B6894
:101DD00003F580435B78DBB2FA7B9A4207D1104B64
:101DE0005B690F4A43F080035361002313E07B6873
:101DF00003F580431B78DBB25B017A681344202231
:101E0000396818460BF01FF87B6803F580431A46C3
:101E1000FB7B1370012318461037BD4680BD00BF01
:101E200000000240DFF834D0FEF7FEFF0C480D49F9
:101E30000D4A002302E0D458C4500433C4188C4225
:101E4000F9D30A4A0A4C002301E013600432A2428B
:101E5000FBD30AF0D1FFFEF7EDFD70470000022032
:101E600000000020100300200CDD000810030020FB
:101E7000FCA50020FEE7000080B500AF0E4B1B68FC
:101E80000D4A43F4007313600B4B1B680A4A43F47A
:101E900080631360084B1B68074A43F48073136028
:101EA000032001F061F80F2000F008F8FEF752FE61
:101EB0000023184680BD00BF003C024080B582B0C0
:101EC00000AF7860124B1A68124B1B7819464FF41A
:101ED0007A73B3FBF1F3B2FBF3F3184601F087F822
:101EE0000346002B01D001230EE07B680F2B0AD89C
:101EF000002279684FF0FF3001F041F8064A7B6814
:101F00001360002300E0012318460837BD4680BD5A
:101F100000000020140000201000002080B400AF5A
:101F2000064B1B781A46064B1B681344044A136081
:101F300000BFBD465DF8047B704700BF1400002061
:101F4000688B002080B400AF034B1B681846BD4669
:101F50005DF8047B704700BF688B002080B584B0BB
:101F600000AF7860FFF7EEFFB8607B68FB60FB684E
:101F7000B3F1FF3F05D00A4B1B781A46FB681344A8
:101F8000FB6000BFFFF7DEFF0246BB68D31AFA68AA
:101F90009A42F7D800BF00BF1037BD4680BD00BFD2
:101FA0001400002080B584B000AF78607B68002BFF
:101FB00001D10123EDE07B6893F82030DBB2002BE8
:101FC00002D17868FEF7EAFA7B681B681A687B68BA
:101FD0001B6842F001021A60FFF7B4FFF86012E0DC
:101FE000FFF7B0FF0246FB68D31A0A2B0BD97B68B8
:101FF0005B6A43F400327B685A627B68052283F88F
:1020000020200123C5E07B681B685B6803F00103A7
:10201000002BE5D07B681B681A687B681B6822F080
:1020200002021A60FFF78EFFF86012E0FFF78AFFE6
:102030000246FB68D31A0A2B0BD97B685B6A43F410
:1020400000327B685A627B68052283F820200123D6
:102050009FE07B681B685B6803F00203002BE5D1FF
:102060007B681B7E012B08D17B681B681A687B6824
:102070001B6842F080021A6007E07B681B681A68E0
:102080007B681B6822F080021A607B685B7E012BF4
:1020900008D17B681B681A687B681B6842F04002A5
:1020A0001A6007E07B681B681A687B681B6822F06F
:1020B00040021A607B689B7E012B08D17B681B68FD
:1020C0001A687B681B6842F020021A6007E07B6890
:1020D0001B681A687B681B6822F020021A607B6804
:1020E000DB7E012B08D17B681B681A687B681B6844
:1020F00022F010021A6007E07B681B681A687B6890
:102100001B6842F010021A607B681B7F012B08D10C
:102110007B681B681A687B681B6842F008021A60BB
:1021200007E07B681B681A687B681B6822F008025E
:102130001A607B685B7F012B08D17B681B681A687B
:102140007B681B6842F004021A6007E07B681B682A
:102150001A687B681B6822F004021A607B689A6820
:102160007B68DB681A437B681B691A437B685B6981
:1021700042EA03017B685B685A1E7B681B680A435E
:10218000DA617B6800225A627B68012283F8202092
:10219000002318461037BD4680BD80B582B000AF21
:1021A00078607B68002B01D1012315E0786800F08E
:1021B00039F97868FEF74AFA7B681B681A687B6809
:1021C0001B6842F400421A607B6800225A627B68F6
:1021D000002283F82020002318460837BD4680BD22
:1021E00080B487B000AF786039607B6893F82030A6
:1021F000FB75FB7D012B03D0FB7D022B40F0BE80E5
:10220000654B3B613B69D3F8003243F001023B6907
:10221000C3F800223B69D3F8003223F47C523B69B7
:10222000C3F800223B69D3F800223B685B6A1B02BB
:102230001A433B69C3F800223B685B6903F01F0344
:10224000012202FA03F3FB603B69D3F81C22FB680E
:10225000DB431A403B69C3F81C223B68DB69002B57
:1022600023D13B69D3F80C22FB68DB431A403B695E
:10227000C3F80C223B68DB6819043B685B689BB2BF
:102280003A68526919433B69483243F832103B6857
:102290009B6819043B681B689AB23B685B690A43F8
:1022A00039694833DB000B445A603B68DB69012B1A
:1022B00022D13B69D3F80C22FB681A433B69C3F86F
:1022C0000C223B681B6819043B685B689BB23A6848
:1022D000526919433B69483243F832103B689B68A6
:1022E00019043B68DB689AB23B685B690A43396949
:1022F0004833DB000B445A603B689B69002B09D1D3
:102300003B69D3F80422FB68DB431A403B69C3F8FE
:10231000042207E03B69D3F80422FB681A433B69B7
:10232000C3F804223B681B69002B09D13B69D3F831
:102330001422FB68DB431A403B69C3F8142207E010
:102340003B69D3F81422FB681A433B69C3F8142293
:102350003B681B6A012B07D13B69D3F81C22FB6841
:102360001A433B69C3F81C223B69D3F8003223F0BF
:1023700001023B69C3F80022002306E07B685B6A28
:1023800043F480227B685A62012318461C37BD46FD
:102390005DF8047B704700BF0064004080B584B0E6
:1023A00000AF78607B6893F82030DBB2012B2ED130
:1023B0007B68022283F820207B681B681A687B6890
:1023C0001B6822F001021A60FFF7BCFDF86012E002
:1023D000FFF7B8FD0246FB68D31A0A2B0BD97B68BE
:1023E0005B6A43F400327B685A627B68052283F89B
:1023F0002020012312E07B681B685B6803F0010367
:10240000002BE5D17B6800225A62002306E07B683E
:102410005B6A43F400227B685A6201231846103736
:10242000BD4680BD80B584B000AF78607B6893F80E
:102430002030DBB2022B33D17B681B681A687B68C3
:102440001B6842F001021A60FFF77CFDF86012E0A1
:10245000FFF778FD0246FB68D31A0A2B0BD97B687D
:102460005B6A43F400327B685A627B68052283F81A
:10247000202001231BE07B681B685B6803F00103DD
:10248000002BE5D07B681B681A687B681B6822F00C
:1024900002021A607B68012283F82020002306E0F4
:1024A0007B685B6A43F480127B685A62012318469A
:1024B0001037BD4680BD80B489B000AFF860B96008
:1024C0007A603B60FB6893F82030FB77FB681B6801
:1024D0009B68BB61FB7F012B03D0FB7F022B40F08D
:1024E000AD80BB6903F08063002B0AD1BB6903F0A8
:1024F0000063002B05D1BB6903F08053002B00F073
:102500009580BB691B0E03F003037B6101227B698D
:102510009A403B681A60BB689B68002B0DD1BB6872
:102520001B685A05BB68DB68F96809681A437B6950
:1025300018331B010B441A600FE0BB685B68DA00BC
:10254000BB689B681A43BB68DB68F96809681A4373
:102550007B6918331B010B441A60FB681968BB6860
:102560001A697B6918331B010B4404331A60BB687A
:102570001B7D012B11D1FB681A687B6918331B0185
:10258000134404331B68FA68116843F480727B6952
:1025900018331B010B4404331A607B6807331B7824
:1025A0001A067B6806331B781B041A437B680533C5
:1025B0001B781B0213437A68043212781046FA68BB
:1025C000116843EA00027B691B010B4403F5C673E3
:1025D0001A607B6803331B781A067B6802331B780A
:1025E0001B041A437B6801331B781B0213437A6870
:1025F00012781046FA68116843EA00027B691B01F1
:102600000B4403F5C4731A60FB681A687B691833BE
:102610001B0113441B68FA68116843F001027B69CF
:1026200018331B010B441A6000230EE0FB685B6A41
:1026300043F40012FB685A62012306E0FB685B6A00
:1026400043F48022FB685A62012318462437BD46B2
:102650005DF8047B704780B487B000AFF860B96064
:102660007A603B60FB6893F82030FB75FB7D012BA3
:1026700003D0FB7D022B40F00381BB68002B0ED101
:10268000FB681B68DB6803F00303002B16D1FB68B3
:102690005B6A43F40012FB685A620123F7E0FB68AF
:1026A0001B681B6903F00303002B07D1FB685B6AFF
:1026B00043F40012FB685A620123E8E0FB681A68E1
:1026C000BB681B331B0113441B6803F004027B68C7
:1026D0009A607B689B68002B0CD1FB681A68BB680A
:1026E0001B331B0113441B685B0DC3F30A027B6899
:1026F0001A600BE0FB681A68BB681B331B011344AC
:102700001B68DB0823F060427B685A60FB681A682C
:10271000BB681B331B0113441B6803F002027B6878
:10272000DA60FB681A68BB681B331B01134404336F
:102730001B6803F00803002B03D07B6808221A6192
:102740000BE0FB681A68BB681B331B01134404339E
:102750001B6803F00F027B681A61FB681A68BB688C
:102760001B331B01134404331B681B0ADAB27B685A
:102770009A61FB681A68BB681B331B01134404335E
:102780001B681B0C9AB27B685A61FB681A68BB68AD
:102790001B01134403F5DC731B68DAB23B681A7043
:1027A000FB681A68BB681B01134403F5DC731B68E4
:1027B0001A0A3B680133D2B21A70FB681A68BB6808
:1027C0001B01134403F5DC731B681A0C3B680233CE
:1027D000D2B21A70FB681A68BB681B01134403F578
:1027E000DC731B681A0E3B680333D2B21A70FB68A5
:1027F0001A68BB681B01134403F5DE731A683B6853
:102800000433D2B21A70FB681A68BB681B01134408
:1028100003F5DE731B681A0A3B680533D2B21A70DF
:10282000FB681A68BB681B01134403F5DE731B6861
:102830001A0C3B680633D2B21A70FB681A68BB6880
:102840001B01134403F5DE731B681A0E3B68073344
:10285000D2B21A70BB68002B08D1FB681B68DA681B
:10286000FB681B6842F02002DA6007E0FB681B6827
:102870001A69FB681B6842F020021A61002306E017
:10288000FB685B6A43F48022FB685A6201231846A6
:102890001C37BD465DF8047B704780B485B000AF3F
:1028A000786039607B6893F82030FB73FB7B012BE9
:1028B00002D0FB7B022B09D17B681B6859697B68BE
:1028C0001B683A680A435A61002306E07B685B6A2A
:1028D00043F480227B685A62012318461437BD46B0
:1028E0005DF8047B704780B58AB000AF7860002344
:1028F0007B627B681B685B693B627B681B685B680B
:10290000FB617B681B689B68BB617B681B68DB683D
:102910007B617B681B681B693B617B681B689B69EB
:10292000FB603B6A03F00103002B7CD0BB6903F022
:102930000103002B23D07B681B6801229A60BB69CE
:1029400003F00203002B03D0786800F083F916E04F
:10295000BB6903F00403002B04D07B6A43F40063DB
:102960007B620CE0BB6903F00803002B04D07B6A98
:1029700043F480537B6202E0786800F089F9BB6918
:1029800003F48073002B24D07B681B684FF48072A3
:102990009A60BB6903F40073002B03D0786800F0E1
:1029A00063F916E0BB6903F48063002B04D07B6AF3
:1029B00043F400537B620CE0BB6903F40063002B1B
:1029C00004D07B6A43F480437B6202E0786800F0C5
:1029D00069F9BB6903F48033002B24D07B681B6842
:1029E0004FF480329A60BB6903F40033002B03D0AC
:1029F000786800F043F916E0BB6903F48023002BEC
:102A000004D07B6A43F400437B620CE0BB6903F4AF
:102A10000023002B04D07B6A43F480337B6202E006
:102A2000786800F049F93B6A03F00803002B0CD0EA
:102A30007B6903F01003002B07D07B6A43F400731B
:102A40007B627B681B681022DA603B6A03F0040338
:102A5000002B0BD07B6903F00803002B06D07B68AA
:102A60001B680822DA60786800F030F93B6A03F0EE
:102A70000203002B09D07B681B68DB6803F00303AB
:102A8000002B02D07868FDF70BFE3B6A03F0400391
:102A9000002B0CD03B6903F01003002B07D07B6A9E
:102AA00043F480637B627B681B6810221A613B6A77
:102AB00003F02003002B0BD03B6903F00803002B2D
:102AC00006D07B681B6808221A61786800F012F94A
:102AD0003B6A03F01003002B09D07B681B681B695D
:102AE00003F00303002B02D0786800F0F9F83B6A8A
:102AF00003F40033002B0BD0FB6903F01003002B11
:102B000006D07B681B6810225A60786800F0FCF8D9
:102B10003B6A03F48033002B0BD0FB6903F00803FE
:102B2000002B06D07B681B6808225A60786800F08A
:102B3000F5F83B6A03F40043002B7BD0FB6903F0FC
:102B40000403002B72D03B6A03F48073002B08D07F
:102B5000FB6803F00103002B03D07B6A43F0010301
:102B60007B623B6A03F40073002B08D0FB6803F020
:102B70000203002B03D07B6A43F002037B623B6AB3
:102B800003F48063002B08D0FB6803F00403002BE0
:102B900003D07B6A43F004037B623B6A03F4006367
:102BA000002B43D0FB6803F07003002B3ED0FB6882
:102BB00003F07003602B2BD0602B2ED8502B22D02B
:102BC000502B2AD8402B19D0402B26D8302B10D090
:102BD000302B22D8102B02D0202B05D01DE07B6A91
:102BE00043F008037B6219E07B6A43F010037B62C9
:102BF00014E07B6A43F020037B620FE07B6A43F0C2
:102C000040037B620AE07B6A43F080037B6205E05D
:102C10007B6A43F480737B6200E000BF7B681B68C3
:102C20009A697B681B6822F070029A617B681B6856
:102C300004225A607B6A002B08D07B685A6A7B6A40
:102C40001A437B685A627868FFF770F800BF28372C
:102C5000BD4680BD80B483B000AF786000BF0C3744
:102C6000BD465DF8047B704780B483B000AF7860E8
:102C700000BF0C37BD465DF8047B704780B483B05D
:102C800000AF786000BF0C37BD465DF8047B70472D
:102C900080B483B000AF786000BF0C37BD465DF8EC
:102CA000047B704780B483B000AF786000BF0C37FE
:102CB000BD465DF8047B704780B483B000AF786098
:102CC00000BF0C37BD465DF8047B704780B483B00D
:102CD00000AF786000BF0C37BD465DF8047B7047DD
:102CE00080B483B000AF786000BF0C37BD465DF89C
:102CF000047B704780B483B000AF786000BF0C37AE
:102D0000BD465DF8047B704780B483B000AF786047
:102D100000BF0C37BD465DF8047B704780B483B0BC
:102D200000AF786000BF0C37BD465DF8047B70478C
:102D300080B485B000AF78607B6893F82030FB7377
:102D4000FB7B012B02D0FB7B022B12D17B681B6823
:102D50005B6803F00203002B02D00423FB7308E03E
:102D60007B681B681B6803F00203002B01D0032360
:102D7000FB73FB7B18461437BD465DF8047B704738
:102D800080B485B000AF78607B6803F00703FB6018
:102D90000C4BDB68BB60BA684FF6FF031340BB60A7
:102DA000FB681A02BB68134343F0BF6343F400336C
:102DB000BB60044ABB68D36000BF1437BD465DF8F2
:102DC000047B704700ED00E080B400AF044BDB688B
:102DD0001B0A03F007031846BD465DF8047B7047E5
:102DE00000ED00E080B483B000AF0346FB7197F9BB
:102DF0000730002B0BDBFB7903F01F02074997F923
:102E000007305B09012000FA02F241F8232000BFDD
:102E10000C37BD465DF8047B704700BF00E100E061
:102E200080B483B000AF0346FB7197F90730002BE5
:102E300012DBFB7903F01F020A4997F907305B099F
:102E4000012000FA02F2203341F82320BFF34F8F14
:102E500000BFBFF36F8F00BF00BF0C37BD465DF8EA
:102E6000047B704700E100E080B483B000AF03460C
:102E70003960FB7197F90730002B0ADB3B68DAB247
:102E80000C4997F907301201D2B20B4483F80023A2
:102E90000AE03B68DAB20849FB7903F00F03043B10
:102EA0001201D2B20B441A7600BF0C37BD465DF852
:102EB000047B704700E100E000ED00E080B489B0E1
:102EC00000AFF860B9607A60FB6803F00703FB614C
:102ED000FB69C3F10703042B28BF0423BB61FB6913
:102EE0000433062B02D9FB69033B00E000237B611E
:102EF0004FF0FF32BB6902FA03F3DA43BB681A40B2
:102F00007B699A404FF0FF317B6901FA03F3D943A3
:102F10007B680B40134318462437BD465DF8047B9D
:102F20007047000080B582B000AF78607B68013BDD
:102F3000B3F1807F01D301230FE00A4A7B68013B94
:102F400053600F214FF0FF30FFF78EFF054B00223B
:102F50009A60044B07221A60002318460837BD46C2
:102F600080BD00BF10E000E080B582B000AF7860A7
:102F70007868FFF705FF00BF0837BD4680BD80B504
:102F800086B000AF0346B9607A60FB7300237B61B3
:102F9000FFF71AFF78617A68B9687869FFF78EFFE2
:102FA000024697F90F3011461846FFF75DFF00BF44
:102FB0001837BD4680BD80B582B000AF0346FB71B7
:102FC00097F907301846FFF70DFF00BF0837BD46D9
:102FD00080BD80B582B000AF0346FB7197F9073022
:102FE0001846FFF71DFF00BF0837BD4680BD80B5FE
:102FF00082B000AF78607868FFF794FF0346184608
:103000000837BD4680BD000080B586B000AF78604F
:1030100000237B61FEF796FF38617B68002B01D1AE
:10302000012399E07B68022283F835207B68002227
:1030300083F834207B681B681A687B681B6822F061
:1030400001021A600FE0FEF77DFF02463B69D31ACA
:10305000052B08D97B6820225A657B68032283F8F8
:103060003520032378E07B681B681B6803F00103AD
:10307000002BE8D17B681B681B687B617A69384B41
:1030800013407B617B685A687B689B681A437B6846
:10309000DB681A437B681B691A437B685B691A43C8
:1030A0007B689B691A437B68DB691A437B681B6AF0
:1030B00013437A6913437B617B685B6A042B07D1F6
:1030C0007B68DA6A7B681B6B13437A6913437B6105
:1030D0007B681B687A691A607B681B685B697B6127
:1030E0007B6923F007037B617B685B6A7A69134322
:1030F0007B617B685B6A042B17D17B689B6A7A696A
:1031000013437B617B68DB6A002B0ED0786800F08C
:10311000D9FA0346002B08D07B6840225A657B68A9
:10312000012283F83520012316E07B681B687A6949
:103130005A61786800F090FA0346FB607B68DB6DAB
:103140003F229A40FB689A607B6800225A657B6840
:10315000012283F83520002318461837BD4680BD6C
:103160003F8010F080B584B000AF78607B68002BA2
:1031700001D1012350E07B6893F83530DBB2022B9C
:1031800001D1022348E07B681B681A687B681B68D2
:1031900022F001021A607B681B6800221A607B68BB
:1031A0001B6800225A607B681B6800229A607B685B
:1031B0001B680022DA607B681B6800221A617B684A
:1031C0001B6821225A61786800F046FA0346FB60CA
:1031D0007B680022DA637B6800221A647B68002225
:1031E0005A647B6800229A647B680022DA647B68F8
:1031F00000221A657B68DB6D3F229A40FB689A606B
:103200007B6800225A657B68002283F835207B6842
:10321000002283F83420002318461037BD4680BDB5
:1032200080B584B000AF78607B689B6DFB60FEF773
:1032300089FEB8607B6893F83530DBB2022B08D08A
:103240007B6880225A657B68002283F83420012342
:1032500052E07B681B681A687B681B6822F01602C4
:103260001A607B681B685A697B681B6822F08002C1
:103270005A617B681B6C002B03D17B689B6C002B15
:1032800007D07B681B681A687B681B6822F00802FD
:103290001A607B681B681A687B681B6822F0010251
:1032A0001A6013E0FEF74EFE0246BB68D31A052BE8
:1032B0000CD97B6820225A657B68032283F835206D
:1032C0007B68002283F83420032315E07B681B68A9
:1032D0001B6803F00103002BE4D17B68DB6D3F2208
:1032E0009A40FB689A607B68012283F835207B68EE
:1032F000002283F83420002318461037BD4680BDD5
:1033000080B483B000AF78607B6893F83530DBB26F
:10331000022B04D07B6880225A6501230CE07B6875
:10332000052283F835207B681B681A687B681B6858
:1033300022F001021A60002318460C37BD465DF8E2
:10334000047B704780B586B000AF78600023BB6017
:103350008E4B1B688E4AA2FB03239B0A7B617B6812
:103360009B6D3B613B691B68FB607B68DB6D0822E2
:103370009A40FB681340002B1AD07B681B681B68BF
:1033800003F00403002B13D07B681B681A687B686A
:103390001B6822F004021A607B68DB6D08229A40E9
:1033A0003B699A607B685B6D43F001027B685A65FC
:1033B0007B68DB6D01229A40FB681340002B12D022
:1033C0007B681B685B6903F08003002B0BD07B6874
:1033D000DB6D01229A403B699A607B685B6D43F02C
:1033E00002027B685A657B68DB6D04229A40FB68A9
:1033F0001340002B12D07B681B681B6803F002038C
:10340000002B0BD07B68DB6D04229A403B699A60ED
:103410007B685B6D43F004027B685A657B68DB6DFB
:1034200010229A40FB681340002B43D07B681B6836
:103430001B6803F00803002B3CD07B68DB6D102277
:103440009A403B699A607B681B681B6803F4802381
:10345000002B18D07B681B681B6803F40023002B2B
:1034600008D17B681B6C002B24D07B681B6C7868B0
:1034700098471FE07B689B6C002B1BD07B689B6C84
:103480007868984716E07B681B681B6803F48073B4
:10349000002B07D17B681B681A687B681B6822F0C9
:1034A00008021A607B681B6C002B03D07B681B6CC6
:1034B000786898477B68DB6D20229A40FB68134050
:1034C000002B00F08F807B681B681B6803F01003E3
:1034D000002B00F087807B68DB6D20229A403B69DF
:1034E0009A607B6893F83530DBB2052B36D17B6868
:1034F0001B681A687B681B6822F016021A607B68DA
:103500001B685A697B681B6822F080025A617B68DD
:103510001B6C002B03D17B689B6C002B07D07B6856
:103520001B681A687B681B6822F008021A607B68B7
:10353000DB6D3F229A403B699A607B68012283F8E9
:1035400035207B68002283F834207B681B6D002BBC
:103550007ED07B681B6D7868984779E07B681B6834
:103560001B6803F48023002B1DD07B681B681B683D
:1035700003F40023002B0DD17B685B6C002B31D052
:103580007B685B6C786898472CE000BF00000020E7
:10359000B5814E1B7B68DB6B002B23D07B68DB6B1C
:1035A000786898471EE07B681B681B6803F480738B
:1035B000002B0FD17B681B681A687B681B6822F0A0
:1035C00010021A607B68012283F835207B68002294
:1035D00083F834207B68DB6B002B03D07B68DB6BCC
:1035E000786898477B685B6D002B32D07B685B6D99
:1035F00003F00103002B22D07B68052283F83520DD
:103600007B681B681A687B681B6822F001021A60DD
:10361000BB680133BB607A699A4207D37B681B6839
:103620001B6803F00103002BF2D100E000BF7B68B0
:10363000012283F835207B68002283F834207B68E0
:10364000DB6C002B05D07B68DB6C7868984700E06A
:1036500000BF1837BD4680BD80B485B000AF78602C
:103660007B681B68DBB2103B144AA2FB03231B09D7
:10367000FB60134AFB6813441B781A467B68DA65C3
:10368000FB68032B09D97B681B6823F47F7323F045
:1036900003031A1D7B689A6507E07B681B6823F4A7
:1036A0007F7323F003037A6893657B689B6D1846EC
:1036B0001437BD465DF8047B704700BFABAAAAAAC9
:1036C000C0DC000880B485B000AF78600023FB73D5
:1036D0007B689B6ABB607B689B69002B1FD1BB68C2
:1036E000032B56D801A252F823F000BFFD36000884
:1036F0000F370008FD360008933700087B68DB6A47
:1037000003F08073002B46D00123FB7343E07B68FA
:10371000DB6AB3F1C07F40D10123FB733DE07B68DE
:103720009B69B3F5005F21D1BB68032B37D801A299
:1037300052F823F0453700084B370008453700089A
:103740005D3700080123FB7330E07B68DB6A03F020
:103750008073002B25D00123FB7322E07B68DB6A9A
:10376000B3F1C07F1FD10123FB731CE0BB68022BA8
:1037700003D9BB68032B03D018E00123FB7315E0CA
:103780007B68DB6A03F08073002B0ED00123FB7390
:103790000BE000BF0AE000BF08E000BF06E000BF8A
:1037A00004E000BF02E000BF00E000BFFB7B184662
:1037B0001437BD465DF8047B704700BF80B489B004
:1037C00000AF7860396000237B6100233B610023F8
:1037D000BB610023FB616BE10122FB6902FA03F389
:1037E0007B613B681B687A6913403B613A697B697E
:1037F0009A4240F05A813B685B6803F00303012B57
:1038000005D03B685B6803F00303022B30D17B6873
:103810009B68BB61FB695B00032202FA03F3DB4395
:10382000BA691340BB613B68DA68FB695B0002FA66
:1038300003F3BA691343BB617B68BA699A607B681A
:103840005B68BB610122FB6902FA03F3DB43BA69DF
:103850001340BB613B685B681B0903F00102FB6915
:1038600002FA03F3BA691343BB617B68BA695A6011
:103870003B685B6803F00303032B17D07B68DB68AE
:10388000BB61FB695B00032202FA03F3DB43BA6905
:103890001340BB613B689A68FB695B0002FA03F363
:1038A000BA691343BB617B68BA69DA603B685B68DD
:1038B00003F00303022B23D1FB69DA087B6808328B
:1038C00053F82230BB61FB6903F007039B000F2212
:1038D00002FA03F3DB43BA691340BB613B681A6920
:1038E000FB6903F007039B0002FA03F3BA69134371
:1038F000BB61FB69DA087B680832B96943F82210BA
:103900007B681B68BB61FB695B00032202FA03F35F
:10391000DB43BA691340BB613B685B6803F0030299
:10392000FB695B0002FA03F3BA691343BB617B686E
:10393000BA691A603B685B6803F44033002B00F0FF
:10394000B4800023FB60604B5B6C5F4A43F48043B0
:1039500053645D4B5B6C03F48043FB60FB685B4A24
:10396000FB699B08023352F82330BB61FB6903F00B
:1039700003039B000F2202FA03F3DB43BA691340EF
:10398000BB617B68524A93422BD07B68514A934279
:1039900025D07B68504A93421FD07B684F4A9342A0
:1039A00019D07B684E4A934213D07B684D4A9342AC
:1039B0000DD07B684C4A934207D07B684B4A9342B8
:1039C00001D107230EE008230CE006230AE00523BB
:1039D00008E0042306E0032304E0022302E00123BD
:1039E00000E00023FA6902F0030292009340BA69F2
:1039F0001343BB613549FB699B080233BA6941F83F
:103A000023203B4B9B68BB613B69DB43BA69134096
:103A1000BB613B685B6803F48013002B03D0BA6979
:103A20003B691343BB61324ABB699360304BDB682F
:103A3000BB613B69DB43BA691340BB613B685B68B0
:103A400003F40013002B03D0BA693B691343BB6135
:103A5000274ABB69D360264B5B68BB613B69DB438C
:103A6000BA691340BB613B685B6803F40033002B09
:103A700003D0BA693B691343BB611D4ABB695360FC
:103A80001B4B1B68BB613B69DB43BA691340BB61DD
:103A90003B685B6803F48033002B03D0BA693B6951
:103AA0001343BB61124ABB691360FB690133FB61BD
:103AB000FB690F2B7FF690AE00BF00BF2437BD46D9
:103AC0005DF8047B704700BF0038024000380140B9
:103AD000000002400004024000080240000C0240C6
:103AE000001002400014024000180240001C024076
:103AF000003C014080B487B000AF7860396000239B
:103B00003B610023FB600023BB6000237B61CDE0B1
:103B100001227B6902FA03F33B613A683B69134077
:103B2000FB60FA683B699A4240F0BD80654A7B6958
:103B30009B08023352F82330BB607B6903F0030318
:103B40009B000F2202FA03F3BA681340BB607B6844
:103B50005D4A93422BD07B685C4A934225D07B68B8
:103B60005B4A93421FD07B685A4A934219D07B68C4
:103B7000594A934213D07B68584A93420DD07B68D0
:103B8000574A934207D07B68564A934201D1072394
:103B90000EE008230CE006230AE0052308E00423D6
:103BA00006E0032304E0022302E0012300E00023F7
:103BB0007A6902F0030292009340BA689A4232D1C5
:103BC000494B1A68FB68DB43474913400B60464B7F
:103BD0005A68FB68DB43444913404B60424BDA6848
:103BE000FB68DB4340491340CB603F4B9A68FB685E
:103BF000DB433D4913408B607B6903F003039B006B
:103C00000F2202FA03F3BB602E4A7B699B08023342
:103C100052F82310BB68DA432A487B699B080A40A4
:103C2000023340F823207B681A687B695B0003211C
:103C300001FA03F3DB431A407B681A607B69DA08F8
:103C40007B68083253F822107B6903F007039B005E
:103C50000F2202FA03F3DB437A69D20819407B682A
:103C6000083243F822107B68DA687B695B00032125
:103C700001FA03F3DB431A407B68DA607B685A6819
:103C800001217B6901FA03F3DB431A407B685A6028
:103C90007B689A687B695B00032101FA03F3DB43CD
:103CA0001A407B689A607B6901337B617B690F2BCB
:103CB0007FF62EAF00BF00BF1C37BD465DF8047B0A
:103CC000704700BF0038014000000240000402407D
:103CD00000080240000C02400010024000140240A4
:103CE00000180240001C0240003C014080B483B038
:103CF00000AF78600B467B8013467B707B78002B8F
:103D000003D07A887B689A6103E07B881A047B6819
:103D10009A6100BF0C37BD465DF8047B7047000018
:103D200080B584B000AF78607B68002B01D101239F
:103D30002BE17B6893F83D30DBB2002B06D17B682A
:103D4000002283F83C207868FCF71AFE7B68242266
:103D500083F83D207B681B681A687B681B6822F02B
:103D600001021A607B681B681A687B681B6842F452
:103D700000421A607B681B681A687B681B6822F423
:103D800000421A6001F0D2FFF8607B685B68814AEC
:103D9000934207D8FB68804A934294BF01230023D3
:103DA000DBB206E0FB687D4A934294BF0123002307
:103DB000DBB2002B01D00123E7E0FB68784AA2FBCD
:103DC00003239B0CBB607B681B685B6823F03F018F
:103DD0007B681B68BA680A435A607B681B681B6A69
:103DE00023F03F017B685B686A4A934202D8BB6854
:103DF000013309E0BB684FF4967202FB03F3694A92
:103E0000A2FB03239B0901337A6812680B431362F8
:103E10007B681B68DB6923F44F4222F0FF027B685A
:103E20005B685C498B4219D8FB68591E7B685B68EC
:103E30005B00B1FBF3F3591C40F6FC730B40002B05
:103E40000AD0FB68591E7B685B685B00B1FBF3F32B
:103E50000133C3F30B0351E004234FE07B689B68FD
:103E6000002B11D1FB68581E7B6859680B465B001C
:103E70000B44B0FBF3F30133C3F30B03002B0CBF74
:103E800001230023DBB212E0FB68581E7B685968EF
:103E90000B469B000B4499000B44B0FBF3F301333A
:103EA000C3F30B03002B0CBF01230023DBB2002B59
:103EB00001D0012322E07B689B68002B0ED1FB68B8
:103EC000581E7B6859680B465B000B44B0FBF3F34C
:103ED0000133C3F30B0343F400430FE0FB68581EA8
:103EE0007B6859680B469B000B4499000B44B0FB60
:103EF000F3F30133C3F30B0343F4404379680968D8
:103F00001343CB617B681B681B6823F0C0017B688F
:103F1000DA697B681B6A1A437B681B680A431A606C
:103F20007B681B689B6823F4034323F0FF037A68D4
:103F300011697A68D26811437A6812680B439360FA
:103F40007B681B68DB6823F0FF017B685A697B682C
:103F50009B691A437B681B680A43DA607B681B68AD
:103F60001A687B681B6842F001021A607B680022B5
:103F70001A647B68202283F83D207B6800221A6344
:103F80007B68002283F83E20002318461037BD4688
:103F900080BD00BFA08601007F841E00FF083D0099
:103FA00083DE1B43D34D621080B586B002AF7860CC
:103FB0007B68002B01D1012301E17B681B68BB609A
:103FC0007B6893F89534DBB2002B06D17B68002226
:103FD00083F894247868FDF74BFA7B68032283F812
:103FE0009524BB68B3F1A04F02D17B6800229A717F
:103FF0007B681B68184603F09AFD7B6818687B682D
:104000001A7C8DF8002004330ECB03F079FC0346B4
:10401000002B05D07B68022283F895240123CEE093
:104020007B681B680021184603F092FD0346002BB5
:1040300005D07B68022283F895240123BFE000238A
:10404000FB734AE0FA7B79681346DB0013449B005C
:104050000B44153301221A70FA7B79681346DB0092
:1040600013449B000B441433FA7B1A70FA7BFB7BDE
:1040700098B279681346DB0013449B000B442E333F
:1040800002461A80FA7B79681346DB0013449B00D2
:104090000B44183300221A70FA7B79681346DB0050
:1040A00013449B000B441C3300221A60FA7B79688E
:1040B0001346DB0013449B000B44203300221A609C
:1040C000FA7B79681346DB0013449B000B442433CE
:1040D00000221A60FB7B0133FB737B681B79FA7B40
:1040E0009A42AFD30023FB7344E0FA7B796813460E
:1040F000DB0013449B000B4403F2552300221A708B
:10410000FA7B79681346DB0013449B000B4403F5EC
:104110001573FA7B1A70FA7B79681346DB00134437
:104120009B000B4403F5167300221A70FA7B796822
:104130001346DB0013449B000B4403F51773002266
:104140001A60FA7B79681346DB0013449B000B442A
:1041500003F5187300221A60FA7B79681346DB00B6
:1041600013449B000B4403F5197300221A60FB7B78
:104170000133FB737B681B79FA7B9A42B5D37B686A
:1041800018687B681A7C8DF8002004330ECB03F08E
:104190002BFD0346002B05D07B68022283F8952473
:1041A00001230CE07B6800225A747B68012283F8AB
:1041B00095247B681B68184604F075FD002318469B
:1041C0001037BD4680BD80B584B000AF78607B6895
:1041D0001B68FB607B6893F89434012B01D10223A8
:1041E00022E07B68012283F89424FB68DB6803F0FB
:1041F0004003002B09D07B685B7B012B05D1FB685A
:104200009B6B43F48032FB689A637B681B6818469B
:1042100003F07CFC7B681B68184604F023FD7B6878
:10422000002283F89424002318461037BD4680BD31
:1042300090B58DB000AF78607B681B683B623B6ACD
:10424000FB617B681B68184604F0E1FD0346002B08
:1042500040F08C847B681B68184604F045FD0346DB
:10426000002B00F08284FB6903F500639B681B0A46
:10427000C3F30D027B68C3F8D4247B681B6818461F
:1042800004F032FD034603F00203022B07D17B68E2
:104290001B685A697B681B6802F002025A617B68DE
:1042A0001B68184604F020FD034603F01003102B92
:1042B00061D17B681B689A697B681B6822F01002D9
:1042C0009A613B6A1B6ABB61BB6903F00F0213462C
:1042D000DB0013449B0003F514737A681344043322
:1042E0007B61BB6903F4F013B3F5802F24D1BA6965
:1042F00047F6F0731340002B35D07B69D968BB6952
:104300001B099BB2C3F30A039BB21A46386A04F036
:1043100057FB7B69DA68BB691B09C3F30A031A44BC
:104320007B69DA607B695A69BB691B09C3F30A03BD
:104330001A447B695A6116E0BB6903F4F013B3F5C4
:10434000402F10D17B6803F29C4308221946386A3B
:1043500004F036FB7B695A69BB691B09C3F30A0386
:104360001A447B695A617B681B689A697B681B6881
:1043700042F010029A617B681B68184604F0B4FC96
:10438000034603F40023B3F5002F40F0A780002379
:104390007B627B681B68184604F0B9FCB86299E040
:1043A000BB6A03F00103002B00F08E807B681B6862
:1043B0007A6AD2B21146184604F0DDFC38613B69D6
:1043C00003F00103002B0CD07B6A5A01FB691344F4
:1043D00003F530631A4601239360796A786800F028
:1043E000A3FE3B6903F00803002B0CD07B6A5A0143
:1043F000FB69134403F530631A4608239360796A16
:10440000786800F079FF3B6903F01003002B08D0B7
:104410007B6A5A01FB69134403F530631A46102383
:1044200093603B6903F00203002B30D03B6A5B6969
:1044300003F08003802B09D1FB6903F500635B68FF
:10444000FA6902F5006243F4806353607A6A1346A6
:10445000DB0013449B0003F514737A6813440433A0
:104460007B617B69DB78012B08D17B690022DA70E4
:104470007B6ADBB21946786808F022F87B6A5A0139
:10448000FB69134403F530631A46022393603B69CA
:1044900003F02003002B08D07B6A5A01FB69134408
:1044A00003F530631A46202393603B6903F40053FD
:1044B000002B09D07B6A5A01FB69134403F5306372
:1044C0001A464FF4005393607B6A01337B62BB6AE8
:1044D0005B08BB62BB6A002B7FF462AF7B681B6822
:1044E000184604F001FC034603F48023B3F5802F43
:1044F00040F0DB807B681B68184604F022FCB86241
:1045000000237B62CDE0BB6A03F00103002B00F0C7
:10451000C2807B681B687A6AD2B21146184604F0E2
:1045200048FC38613B6903F00103002B57D07B6ADC
:1045300003F00F03012202FA03F3FB60FB6903F5AA
:1045400000635A6BFB68DB43F96901F500611340B6
:104550004B637B6A5A01FB69134403F510631A46E7
:10456000012393607B689B79012B32D179687A6A49
:104570001346DB0013449B000B4420331968786812
:104580007A6A1346DB0013449B0003441C331B6808
:10459000194478687A6A1346DB0013449B0003448D
:1045A000203319607B6A002B13D179687A6A13462D
:1045B000DB0013449B000B4424331B68002B08D101
:1045C0007B6818687B6803F29C431A46012104F05B
:1045D0004FFC7B6ADBB21946786807F0ECFE3B695A
:1045E00003F00803002B08D07B6A5A01FB691344CF
:1045F00003F510631A46082393603B6903F0100328
:10460000002B08D07B6A5A01FB69134403F5106341
:104610001A46102393603B6903F04003002B08D037
:104620007B6A5A01FB69134403F510631A46402361
:1046300093603B6903F00203002B23D0796A386A48
:1046400003F036FC7A6A1346DB0013449B001033F8
:104650007A68134404337B617B69DB78012B08D1D2
:104660007B690022DA707B6ADBB21946786807F052
:1046700039FF7B6A5A01FB69134403F510631A463C
:10468000022393603B6903F08003002B03D0796A17
:10469000786800F0BDFC7B6A01337B62BB6A5B0813
:1046A000BB62BB6A002B7FF42EAF7B681B68184689
:1046B00004F01AFB034603F00043B3F1004F22D18C
:1046C000FB6903F500635B68FA6902F5006223F099
:1046D000010353607B6893F8CC34012B08D17B68CD
:1046E000002283F8CC240021786800F0A3FE02E0C9
:1046F000786807F0D7FE7B681B685A697B681B687F
:1047000002F000425A617B681B68184604F0ECFA1C
:10471000034603F40063B3F5006F12D1FB6903F5A0
:1047200000639B6803F00103012B02D1786807F056
:1047300093FE7B681B685A697B681B6802F4006201
:104740005A617B681B68184604F0CEFA034603F4EE
:104750008053B3F5805F40F0B780FB6903F50063D9
:104760005B68FA6902F5006223F0010353607B681D
:104770001B681021184603F09BFB0023FB6246E0F8
:10478000FB6A5A01FB69134403F510631A464FF69E
:104790007F339360FB6A5A01FB69134403F510638E
:1047A0001B68FA6A5101FA690A4402F5106223F49F
:1047B00000131360FB6A5A01FB69134403F530636D
:1047C0001A464FF67F339360FB6A5A01FB69134424
:1047D00003F530631B68FA6A5101FA690A4402F56D
:1047E000306223F400131360FB6A5A01FB6913441F
:1047F00003F530631B68FA6A5101FA690A4402F54D
:10480000306243F000631360FB6A0133FB627B6834
:104810001B791A46FB6A9342B2D3FB6903F5006326
:10482000DB69FA6902F5006243F00113D3617B682A
:10483000DB7B002B16D0FB6903F50063D3F88430D3
:10484000FA6902F5006243F00B03C2F88430FB6999
:1048500003F500635B6CFA6902F5006243F00B0339
:10486000536415E0FB6903F500635B69FA6902F5BF
:10487000006243F4005343F02B035361FB6903F5DB
:1048800000631B69FA6902F5006243F00B031361D0
:10489000FB6903F500631B68FA6902F5006223F403
:1048A000FE6313607B6818687B6899797B6803F204
:1048B0009C431A4604F0DCFA7B681B685A697B68E3
:1048C0001B6802F480525A617B681B68184604F02A
:1048D0000BFA034603F40053B3F5005F23D17B6862
:1048E0001B68184604F0A1FA7B681B68184603F0A1
:1048F00058FB03461A467B68DA717B681C6801F036
:1049000009FA01467B68DB791A46204603F05CF819
:10491000786807F078FD7B681B685A697B681B68BC
:1049200002F400525A617B681B68184604F0DCF9F7
:10493000034603F00803082B0AD1786807F055FDF9
:104940007B681B685A697B681B6802F008025A6121
:104950007B681B68184604F0C7F9034603F0800320
:10496000802B23D13B6A9B6923F080023B6A9A61CA
:1049700001237B6214E079687A6A1346DB001344F2
:104980009B000B4403F257231B78012B05D17B6A54
:10499000DBB21946786800F00AFB7B6A01337B6260
:1049A0007B681B791A467B6A9342E4D37B681B6859
:1049B000184604F099F9034603F48013B3F5801FF9
:1049C0003CD101237B622BE07B6A5A01FB691344D3
:1049D00003F510631B68BB6179687A6A1346DB00D4
:1049E00013449B000B4418331B78012B15D1BB6972
:1049F000002B12DA79687A6A1346DB0013449B00B5
:104A00000B44173301221A707B6ADBB263F07F0319
:104A1000DBB21946786800F0CAFA7B6A01337B6220
:104A20007B681B791A467B6A9342CDD37B681B68EF
:104A30005A697B681B6802F480125A617B681B68A4
:104A4000184604F051F9034603F40013B3F5001FB0
:104A500056D101237B6245E07B6A5A01FB6913440E
:104A600003F530631B68BB6179687A6A1346DB0023
:104A700013449B000B4403F516731B78012B2ED1B6
:104A8000BB69002B2BDABB691A0C7B68D3F8D434D2
:104A9000534003F00103002B21D179687A6A134651
:104AA000DB0013449B000B4403F2572301221A70CE
:104AB0003B6A9B6943F080023B6A9A613B6A5B698F
:104AC00003F08003002B0AD1FB6903F500635B68E8
:104AD000FA6902F5006243F40073536008E07B6AF0
:104AE00001337B627B681B791A467B6A9342B3D39E
:104AF0007B681B685A697B681B6802F400125A6164
:104B00007B681B68184604F0EFF8034603F0804307
:104B1000B3F1804F0AD1786807F0F6FC7B681B6818
:104B20005A697B681B6802F080425A617B681B6887
:104B3000184604F0D9F8034603F00403042B15D1FA
:104B40007B681B685B68BB61BB6903F00403002BD7
:104B500002D0786807F0E6FC7B681B6859687B68C0
:104B60001B68BA690A435A6000E000BF3437BD468B
:104B700090BD80B582B000AF78600B46FB707B685B
:104B800093F89434012B01D1022312E07B680122B7
:104B900083F894247B68FA785A747B681B68FA78E7
:104BA0001146184604F038F87B68002283F89424F4
:104BB000002318460837BD4680BD80B584B000AFDD
:104BC0007860084611461A460346FB700B463B8048
:104BD0001346BB700023FB7297F90330002B0FDAEA
:104BE000FB7803F00F021346DB0013449B001033E5
:104BF0007A6813440433FB60FB6801225A700FE0AB
:104C0000FB7803F00F021346DB0013449B0003F50F
:104C100014737A6813440433FB60FB6800225A70F3
:104C2000FB7803F00F03DAB2FB681A703B88C3F31A
:104C30000A02FB689A60FB68BA781A71FB685B78B5
:104C4000002B04D0FB681B781A46FB685A83BB789C
:104C5000022B02D1FB6800225A717B6893F89434CE
:104C6000012B01D102230EE07B68012283F89424FA
:104C70007B681B68F968184603F0B8F97B68002266
:104C800083F89424FB7A18461037BD4680BD80B562
:104C900084B000AF78600B46FB7097F90330002BAF
:104CA0000FDAFB7803F00F021346DB0013449B007E
:104CB00010337A6813440433FB60FB6801225A7096
:104CC0000FE0FB7803F00F021346DB0013449B0058
:104CD00003F514737A6813440433FB60FB68002205
:104CE0005A70FB7803F00F03DAB2FB681A707B6826
:104CF00093F89434012B01D102230EE07B6801224A
:104D000083F894247B681B68F968184603F0F6F969
:104D10007B68002283F89424002318461037BD4690
:104D200080BD80B586B000AFF8607A603B600B460E
:104D3000FB72FB7A03F00F021346DB0013449B0067
:104D400003F51473FA68134404337B617B697A6852
:104D5000DA607B693A681A617B6900225A617B6973
:104D600000225A70FB7A03F00F03DAB27B691A70E3
:104D7000FB689B79012B02D17A687B69DA61FB6859
:104D80001868FB689B791A46796903F093FA002347
:104D900018461837BD4680BD80B483B000AF786038
:104DA0000B46FB70FB7803F00F0279681346DB00BB
:104DB00013449B000B4403F51A731B6818460C3709
:104DC000BD465DF8047B704780B586B000AFF860E3
:104DD0007A603B600B46FB72FB7A03F00F021346CE
:104DE000DB0013449B001033FA68134404337B61E7
:104DF0007B697A68DA607B693A681A617B690022AC
:104E00005A617B6901225A70FB7A03F00F03DAB210
:104E10007B691A70FB689B79012B02D17A687B69E8
:104E2000DA61FB681868FB689B791A46796903F0B8
:104E300041FA002318461837BD4680BD80B584B0BE
:104E400000AF78600B46FB70FB7803F00F037A68C5
:104E50001279934201D901234FE097F90330002BD7
:104E60000FDAFB7803F00F021346DB0013449B00BC
:104E700010337A6813440433FB60FB6801225A70D4
:104E80000DE0FA781346DB0013449B0003F514731E
:104E90007A6813440433FB60FB6800225A70FB6895
:104EA00001229A70FB7803F00F03DAB2FB681A70E4
:104EB0007B6893F89434012B01D102231DE07B68B9
:104EC000012283F894247B681B68F968184603F074
:104ED000CFFDFB7803F00F03002B09D17B68186826
:104EE0007B6899797B6803F29C431A4603F0C0FF04
:104EF0007B68002283F89424002318461037BD46AF
:104F000080BD80B584B000AF78600B46FB70FB7845
:104F100003F00F037A681279934201D9012342E02A
:104F200097F90330002B0FDAFB7803F00F021346DA
:104F3000DB0013449B0010337A6813440433FB6096
:104F4000FB6801225A700FE0FB7803F00F02134652
:104F5000DB0013449B0003F514737A681344043395
:104F6000FB60FB6800225A70FB6800229A70FB7895
:104F700003F00F03DAB2FB681A707B6893F894347D
:104F8000012B01D102230EE07B68012283F89424D7
:104F90007B681B68F968184603F0D8FD7B6800221F
:104FA00083F89424002318461037BD4680BD80B591
:104FB00084B000AF78600B46FB7097F90330002B8C
:104FC0000CDAFB7803F00F021346DB0013449B005E
:104FD00010337A6813440433FB600CE0FB7803F071
:104FE0000F021346DB0013449B0003F514737A6829
:104FF00013440433FB607B681B68F968184603F0B0
:10500000F7FB0346FB72FB7A18461037BD4680BD9E
:1050100080B58AB002AF786039607B681B687B61BD
:105020007B693B613A681346DB0013449B001033F5
:105030007A6813440433FB60FB685A69FB681B6998
:105040009A4201D901236BE0FB681A69FB685B692E
:10505000D31AFB61FB689B68FA699A4202D9FB6824
:105060009B68FB61FB6903339B08BB612AE0FB681B
:105070001A69FB685B69D31AFB61FB689B68FA6974
:105080009A4202D9FB689B68FB61FB6903339B086A
:10509000BB61FB68D9683B68DAB2FB6998B27B6890
:1050A0009B7900930346786903F04CFCFB68DA684F
:1050B000FB691A44FB68DA60FB685A69FB691A44A9
:1050C000FB685A613B685A013B69134403F510635E
:1050D0009B699BB2BA699A4209D8FB685A69FB6816
:1050E0001B699A4203D2FB681B69002BBFD1FB6886
:1050F0001A69FB685B699A4211D83B6803F00F0399
:10510000012202FA03F3BB603B6903F500635A6BAB
:10511000BB68DB43396901F5006113404B63002331
:1051200018462037BD4680BD80B588B000AF786096
:1051300039607B681B68FB61FB69BB61FB693C33C1
:1051400004331B687B613B685A01BB69134403F558
:1051500030639B683B617B689B79012B7BD13B690A
:1051600003F00803002B15D07B69614A934240F29B
:10517000B9803B6903F40043002B00F0B3803B6827
:105180005A01BB69134403F530631A464FF40043D8
:105190009360A7E03B6903F02003002B09D03B6834
:1051A0005A01BB69134403F530631A462023936008
:1051B00098E03B6903F02803002B40F093807B6963
:1051C0004B4A93420FD93B6903F40043002B0AD0AA
:1051D0003B685A01BB69134403F530631A464FF428
:1051E000004393607EE03A681346DB0013449B0063
:1051F00003F514737A6813440433FB60FB681A6A7E
:105200003B685901BB690B4403F530631B69C3F369
:105210001203D21AFB685A613B68002B14D1FB6859
:105220001B69002B09D17B6818687B6803F29C43DB
:105230001A46012103F01CFE06E0FB68DA68FB68F1
:105240005B691A44FB68DA603B68DBB21946786830
:1052500007F096F846E07B69264A934224D13B69E1
:1052600003F40043002B0AD03B685A01BB69134486
:1052700003F530631A464FF40043936032E03B6914
:1052800003F02003002B08D03B685A01BB6913448C
:1052900003F530631A46202393603B68DBB219465E
:1052A000786807F06DF81DE03B68002B14D1796831
:1052B0003A681346DB0013449B000B4403F5197353
:1052C0001B68002B08D17B6818687B6803F29C433D
:1052D0001A46002103F0CCFD3B68DBB21946786822
:1052E00007F04EF8002318462037BD4680BD00BFAA
:1052F0000A30544F0A31544F80B586B000AF786001
:1053000039607B681B687B617B693B617B693C33EF
:1053100004331B68FB603B685A013B69134403F587
:1053200030639B68BB60FB68154A93420ED9BB682B
:1053300003F40043002B09D03B685A013B69134436
:1053400003F530631A464FF400439360786807F022
:1053500005F8FB680A4A93420CD97B689B79012BBC
:1053600008D17B6818687B6803F29C431A460121C8
:1053700003F07EFD002318461837BD4680BD00BFF0
:105380000A30544F80B485B000AF78600B46FB7094
:1053900013463B807B681B685B6ABB60FB78002B15
:1053A00007D13B8819047B681B68BA680A439A6274
:1053B00028E07B681B689B6A1B0CBA681344BB60BF
:1053C0000023FB730DE07B681A68FB7B40339B0076
:1053D00013445B681B0CBA681344BB60FB7B01334E
:1053E000FB73FA7BFB78013B9A42ECD33B881804B1
:1053F0007B681968FB78013BBA68024340339B0025
:105400000B445A60002318461437BD465DF8047BF0
:10541000704780B483B000AF78600B467B807B68B8
:105420001B687A885A62002318460C37BD465DF81F
:10543000047B704780B483B000AF78600B46FB708C
:1054400000BF0C37BD465DF8047B704780B586B061
:1054500000AF78607B68002B01D1012367E27B6895
:105460001B6803F00103002B75D0884B9B6803F089
:105470000C03042B0CD0854B9B6803F00C03082B0A
:1054800012D1824B5B6803F48003B3F5800F0BD11C
:105490007E4B1B6803F40033002B5BD07B685B689A
:1054A000002B57D1012342E27B685B68B3F5803F54
:1054B00006D1764B1B68754A43F4803313601DE0B8
:1054C0007B685B68B3F5A02F0CD1704B1B686F4AEB
:1054D00043F4802313606D4B1B686C4A43F48033A4
:1054E00013600BE0694B1B68684A23F48033136038
:1054F000664B1B68654A23F4802313607B685B68F6
:10550000002B13D0FCF71EFD386108E0FCF71AFDF4
:1055100002463B69D31A642B01D9032307E25B4B94
:105520001B6803F40033002BF0D014E0FCF70AFDF5
:10553000386108E0FCF706FD02463B69D31A642B8C
:1055400001D90323F3E1514B1B6803F40033002B13
:10555000F0D100E000BF7B681B6803F00203002B62
:1055600063D04A4B9B6803F00C03002B0BD0474BD6
:105570009B6803F00C03082B1CD1444B5B6803F4BD
:105580008003002B16D1414B1B6803F00203002B54
:1055900005D07B68DB68012B01D00123C7E13B4BC1
:1055A0001B6823F0F8027B681B69DB003749134353
:1055B0000B603AE07B68DB68002B20D0344B012283
:1055C0001A60FCF7BFFC386108E0FCF7BBFC024640
:1055D0003B69D31A022B01D90323A8E12B4B1B688B
:1055E00003F00203002BF0D0284B1B6823F0F802D5
:1055F0007B681B69DB00254913430B6015E0244BD6
:1056000000221A60FCF79EFC386108E0FCF79AFC67
:1056100002463B69D31A022B01D9032387E11B4BB6
:105620001B6803F00203002BF0D17B681B6803F0BA
:105630000803002B36D07B685B69002B16D0154B16
:1056400001221A60FCF77EFC386108E0FCF77AFC66
:1056500002463B69D31A022B01D9032367E10B4BA6
:105660005B6F03F00203002BF0D01BE0094B00221C
:105670001A60FCF767FC38610EE0FCF763FC024639
:105680003B69D31A022B07D9032350E100380240AB
:1056900000004742800E4742884B5B6F03F00203D5
:1056A000002BEAD17B681B6803F00403002B00F099
:1056B00097800023FB75814B1B6C03F08053002BFC
:1056C0000FD10023BB607D4B1B6C7C4A43F08053A1
:1056D00013647A4B1B6C03F08053BB60BB680123DF
:1056E000FB75774B1B6803F48073002B18D1744B48
:1056F0001B68734A43F480731360FCF723FC386122
:1057000008E0FCF71FFC02463B69D31A022B01D9C3
:1057100003230CE16A4B1B6803F48073002BF0D069
:105720007B689B68012B06D1644B1B6F634A43F077
:10573000010313671CE07B689B68052B0CD15F4B52
:105740001B6F5E4A43F0040313675C4B1B6F5B4A9D
:1057500043F0010313670BE0584B1B6F574A23F0CC
:1057600001031367554B1B6F544A23F0040313675F
:105770007B689B68002B15D0FCF7E4FB38610AE0DE
:10578000FCF7E0FB02463B69D31A41F288329342B0
:1057900001D90323CBE0494B1B6F03F00203002B1D
:1057A000EED014E0FCF7CEFB38610AE0FCF7CAFB50
:1057B00002463B69D31A41F28832934201D903234E
:1057C000B5E03E4B1B6F03F00203002BEED1FB7DD7
:1057D000012B05D1394B1B6C384A23F080531364DD
:1057E0007B689B69002B00F0A180344B9B6803F021
:1057F0000C03082B5CD07B689B69022B41D1314B99
:1058000000221A60FCF79EFB386108E0FCF79AFB67
:1058100002463B69D31A022B01D9032387E0274BA9
:105820001B6803F00073002BF0D17B68DA697B689A
:105830001B6A1A437B685B6A9B011A437B689B6AFD
:105840005B08013B1B041A437B68DB6A1B061B4990
:1058500013434B601B4B01221A60FCF773FB38614A
:1058600008E0FCF76FFB02463B69D31A022B01D913
:1058700003235CE0114B1B6803F00073002BF0D096
:1058800054E0104B00221A60FCF75CFB386108E022
:10589000FCF758FB02463B69D31A022B01D90323BC
:1058A00045E0064B1B6803F00073002BF0D13DE090
:1058B0007B689B69012B07D1012338E00038024047
:1058C00000700040600047421B4B5B68FB607B68D8
:1058D0009B69012B28D0FB6803F480027B68DB699D
:1058E0009A4221D1FB6803F03F027B681B6A9A420F
:1058F0001AD1FA6847F6C07313407A68526A920167
:10590000934211D1FB6803F440327B689B6A5B08C9
:10591000013B1B049A4207D1FB6803F070627B686D
:10592000DB6A1B069A4201D0012300E000231846DF
:105930001837BD4680BD00BF0038024080B584B036
:1059400000AF786039607B68002B01D10123CCE087
:10595000684B1B6803F007033A689A420CD9654B01
:105960003A68D2B21A70634B1B6803F007033A68B7
:105970009A4201D00123B8E07B681B6803F0020360
:10598000002B20D07B681B6803F00403002B05D09C
:10599000594B9B68584A43F4E05393607B681B68FB
:1059A00003F00803002B05D0534B9B68524A43F485
:1059B00060439360504B9B6823F0F0027B689B68C8
:1059C0004D4913438B607B681B6803F00103002B78
:1059D00044D07B685B68012B07D1474B1B6803F4FD
:1059E0000033002B19D101237FE07B685B68022B19
:1059F00003D07B685B68032B07D13F4B1B6803F028
:105A00000073002B09D101236FE03B4B1B6803F0AF
:105A10000203002B01D1012367E0374B9B6823F081
:105A200003027B685B68344913438B60FCF78AFA96
:105A3000F8600AE0FCF786FA0246FB68D31A41F2E6
:105A40008832934201D903234FE02B4B9B6803F02C
:105A50000C027B685B689B009A42EBD1254B1B686C
:105A600003F007033A689A420CD2224B3A68D2B24A
:105A70001A70204B1B6803F007033A689A4201D062
:105A8000012332E07B681B6803F00403002B08D07D
:105A9000194B9B6823F4E0527B68DB68164913437B
:105AA0008B607B681B6803F00803002B09D0124B46
:105AB0009B6823F460427B681B69DB000E4913433B
:105AC0008B6000F021F802460B4B9B681B0903F02A
:105AD0000F030A49CB5C22FA03F3094A1360094B0E
:105AE0001B681846FCF7EAF9002318461037BD4634
:105AF00080BD00BF003C024000380240A8DC000826
:105B000000000020100000202DE9B04F94B000AF3D
:105B100000237B640023FB6400233B640023BB64FD
:105B2000794B9B6803F00C03082B0DD0082B00F277
:105B3000E180002B02D0042B03D0DBE0734BBB646D
:105B4000DBE0734BBB64D8E06F4B5B6803F03F0353
:105B50007B646D4B5B6803F48003002B63D06A4B5E
:105B60005B689B090022BB63FA63BB6BC3F308034A
:105B70003B6300237B63D7E90C4522462B464FF05D
:105B800000004FF00001590141EAD2615001024684
:105B90000B462146511A3961294663EB01037B61AB
:105BA0004FF000024FF00003D7E904AB59468B01D8
:105BB000514643EA916351468A015146B2EB0108CE
:105BC000594663EB01094FF000024FF000034FEA22
:105BD000C90343EA58734FEAC802904699462346E0
:105BE00018EB0303BB602B4649EB0303FB604FF04C
:105BF00000024FF00003D7E9024529464B02214637
:105C000043EAD15321464A02104619467B6C0022D2
:105C1000BB62FA62D7E90A23FAF72AFB02460B466F
:105C20001346FB6458E0384B5B689B09002218461A
:105C30001146C0F308033B6200237B62D7E9088961
:105C400042464B464FF000004FF00001590141EA37
:105C5000D261500102460B464146B2EB010A494669
:105C600063EB010B4FF000024FF000034FEA8B1380
:105C700043EA9A634FEA8A12B2EB0A0463EB0B051C
:105C80004FF000024FF00003EB0043EA5473E200D0
:105C900014461D464346E3183B604B4645EB030361
:105CA0007B604FF000024FF00003D7E90045294622
:105CB0008B02214643EA915321468A021046194637
:105CC0007B6C0022BB61FA61D7E90623FAF7D0FAB0
:105CD00002460B461346FB640B4B5B681B0C03F040
:105CE000030301335B003B64FA6C3B6CB2FBF3F3E0
:105CF000BB6402E0054BBB6400BFBB6C1846503769
:105D0000BD46BDE8B08F00BF003802400024F4005B
:105D100000127A0080B400AF034B1B681846BD46E2
:105D20005DF8047B704700BF0000002080B500AF25
:105D3000FFF7F0FF0246054B9B689B0A03F0070341
:105D40000349CB5C22FA03F3184680BD00380240B9
:105D5000B8DC000880B500AFFFF7DCFF0246054B5A
:105D60009B685B0B03F007030349CB5C22FA03F348
:105D7000184680BD00380240B8DC000880B582B00B
:105D800000AF78607B68002B01D1012341E07B6884
:105D900093F83D30DBB2002B06D17B68002283F8FC
:105DA0003C207868FBF78AF97B68022283F83D2063
:105DB0007B681A687B6804331946104600F03CFB88
:105DC0007B68012283F846207B68012283F83E200D
:105DD0007B68012283F83F207B68012283F8402002
:105DE0007B68012283F841207B68012283F84220EE
:105DF0007B68012283F843207B68012283F84420DA
:105E00007B68012283F845207B68012283F83D20CE
:105E1000002318460837BD4680BD000080B485B019
:105E200000AF78607B6893F83D30DBB2012B01D086
:105E3000012346E07B68022283F83D207B681B68D3
:105E4000234A934222D07B681B68B3F1804F1DD058
:105E50007B681B681F4A934218D07B681B681E4AE8
:105E6000934213D07B681B681C4A93420ED07B6818
:105E70001B681B4A934209D07B681B68194A9342EE
:105E800004D07B681B68184A934211D17B681B6859
:105E90009B6803F00703FB60FB68062B10D07B6850
:105EA0001B681A687B681B6842F001021A6007E0F1
:105EB0007B681B681A687B681B6842F001021A60E5
:105EC000002318461437BD465DF8047B704700BFB9
:105ED000000001400004004000080040000C0040A9
:105EE00000040140004001400018004080B483B02D
:105EF00000AF78607B681B681A6A41F21113134087
:105F0000002B0FD17B681B681A6A40F24443134090
:105F1000002B07D17B681B681A687B681B6822F01E
:105F200001021A607B68012283F83D200023184695
:105F30000C37BD465DF8047B7047000080B485B027
:105F400000AF78607B6893F83D30DBB2012B01D065
:105F500001234EE07B68022283F83D207B681B68AA
:105F6000DA687B681B6842F00102DA607B681B68B4
:105F7000234A934222D07B681B68B3F1804F1DD027
:105F80007B681B681F4A934218D07B681B681E4AB7
:105F9000934213D07B681B681C4A93420ED07B68E7
:105FA0001B681B4A934209D07B681B68194A9342BD
:105FB00004D07B681B68184A934211D17B681B6828
:105FC0009B6803F00703FB60FB68062B10D07B681F
:105FD0001B681A687B681B6842F001021A6007E0C0
:105FE0007B681B681A687B681B6842F001021A60B4
:105FF000002318461437BD465DF8047B704700BF88
:10600000000001400004004000080040000C004077
:1060100000040140004001400018004080B483B0FB
:1060200000AF78607B681B68DA687B681B6822F0C9
:106030000102DA607B681B681A6A41F2111313408F
:10604000002B0FD17B681B681A6A40F2444313404F
:10605000002B07D17B681B681A687B681B6822F0DD
:1060600001021A607B68012283F83D200023184654
:106070000C37BD465DF8047B704780B584B000AF37
:1060800078607B681B68DB68FB607B681B681B694A
:10609000BB60BB6803F00203002B20D0FB6803F059
:1060A0000203002B1BD07B681B686FF002021A6191
:1060B0007B6801221A777B681B689B6903F00303E6
:1060C000002B03D0786800F099F905E0786800F0BB
:1060D0008BF9786800F09CF97B6800221A77BB681E
:1060E00003F00403002B20D0FB6803F00403002B13
:1060F0001BD07B681B686FF004021A617B68022268
:106100001A777B681B689B6903F44073002B03D0EC
:10611000786800F073F905E0786800F065F9786850
:1061200000F076F97B6800221A77BB6803F0080359
:10613000002B20D0FB6803F00803002B1BD07B68EA
:106140001B686FF008021A617B6804221A777B686B
:106150001B68DB6903F00303002B03D0786800F0B1
:106160004DF905E0786800F03FF9786800F050F9E3
:106170007B6800221A77BB6803F01003002B20D045
:10618000FB6803F01003002B1BD07B681B686FF0CB
:1061900010021A617B6808221A777B681B68DB692A
:1061A00003F44073002B03D0786800F027F905E072
:1061B000786800F019F9786800F02AF97B68002205
:1061C0001A77BB6803F00103002B0CD0FB6803F0C7
:1061D0000103002B07D07B681B686FF001021A6176
:1061E000786803F0A5FABB6803F08003002B0CD09D
:1061F000FB6803F08003002B07D07B681B686FF0FF
:1062000080021A61786800F0DDFABB6803F0400391
:10621000002B0CD0FB6803F04003002B07D07B68F9
:106220001B686FF040021A61786800F0FBF8BB68E9
:1062300003F02003002B0CD0FB6803F02003002B9D
:1062400007D07B681B686FF020021A61786800F045
:10625000AFFA00BF1037BD4680BD80B584B000AF37
:10626000786039600023FB737B6893F83C30012B26
:1062700001D10223B4E07B68012283F83C207B68D3
:10628000022283F83D207B681B689B68BB60BB686B
:1062900023F07703BB60BB6823F47F43BB607B685C
:1062A0001B68BA689A603B681B68B3F5005F3ED014
:1062B000B3F5005F00F28780B3F5805F00F0868061
:1062C000B3F5805F7FD8702B1AD0702B7BD8602BF2
:1062D00050D0602B77D8502B3CD0502B73D8402B0C
:1062E00058D0402B6FD8302B64D0302B6BD8202B5C
:1062F00060D0202B67D8002B5CD0102B5AD062E0E6
:106300007B6818683B6899683B685A683B68DB683B
:1063100000F0B2F97B681B689B68BB60BB6843F008
:106320007703BB607B681B68BA689A604FE07B6844
:1063300018683B6899683B685A683B68DB6800F0FE
:106340009BF97B681B689A687B681B6842F48042F3
:106350009A603CE07B6818683B6859683B68DB687A
:106360001A4600F00FF97B681B685021184600F0B0
:1063700068F92CE07B6818683B6859683B68DB6803
:106380001A4600F02EF97B681B686021184600F061
:1063900058F91CE07B6818683B6859683B68DB6803
:1063A0001A4600F0EFF87B681B684021184600F0A1
:1063B00048F90CE07B681A683B681B681946104670
:1063C00000F03FF903E00123FB7300E000BF7B68AE
:1063D000012283F83D207B68002283F83C20FB7B70
:1063E00018461037BD4680BD80B483B000AF7860DA
:1063F00000BF0C37BD465DF8047B704780B483B0A6
:1064000000AF786000BF0C37BD465DF8047B704775
:1064100080B483B000AF786000BF0C37BD465DF834
:10642000047B704780B483B000AF786000BF0C3746
:10643000BD465DF8047B704780B485B000AF7860DE
:1064400039607B681B68FB607B68434A934213D0CA
:106450007B68B3F1804F0FD07B68404A93420BD0EA
:106460007B683F4A934207D07B683E4A934203D001
:106470007B683D4A934208D1FB6823F07003FB60C0
:106480003B685B68FA681343FB607B68324A93425F
:106490002BD07B68B3F1804F27D07B682F4A934283
:1064A00023D07B682E4A93421FD07B682D4A9342AB
:1064B0001BD07B682C4A934217D07B682B4A9342AF
:1064C00013D07B682A4A93420FD07B68294A9342B3
:1064D0000BD07B68284A934207D07B68274A9342B7
:1064E00003D07B68264A934208D1FB6823F44073AB
:1064F000FB603B68DB68FA681343FB60FB6823F0D2
:1065000080023B685B691343FB603B689A687B6869
:10651000DA623B681A687B689A627B680E4A93422B
:1065200003D07B68104A934203D13B681A697B68A9
:106530001A637B681B6843F004027B681A607B68FF
:1065400001225A617B68FA681A6000BF1437BD46A1
:106550005DF8047B704700BF00000140000400406C
:1065600000080040000C00400004014000400140D1
:10657000004401400048014000180040001C004059
:106580000020004080B487B000AFF860B9607A6046
:10659000FB681B6A7B61FB681B6A23F00102FB68D6
:1065A0001A62FB689B693B613B6923F0F0033B6126
:1065B0007B681B013A6913433B617B6923F00A0343
:1065C0007B617A69BB6813437B61FB683A699A61B6
:1065D000FB687A691A6200BF1C37BD465DF8047B10
:1065E000704780B487B000AFF860B9607A60FB682C
:1065F0001B6A7B61FB681B6A23F01002FB681A624E
:10660000FB689B693B613B6923F470433B617B689A
:106610001B033A6913433B617B6923F0A0037B6151
:10662000BB681B017A6913437B61FB683A699A6115
:10663000FB687A691A6200BF1C37BD465DF8047BAF
:10664000704780B485B000AF786039607B689B6824
:10665000FB60FB6823F07003FB603A68FB68134340
:1066600043F00703FB607B68FA689A6000BF143749
:10667000BD465DF8047B704780B487B000AFF8601A
:10668000B9607A603B60FB689B687B617B6923F43F
:106690007F437B613B681A027B681A43BB681343E4
:1066A0007A6913437B61FB687A699A6000BF1C3783
:1066B000BD465DF8047B704780B485B000AF78605C
:1066C00039607B6893F83C30012B01D102235AE0FA
:1066D0007B68012283F83C207B68022283F83D20FE
:1066E0007B681B685B68FB607B681B689B68BB60A2
:1066F000FB6823F07003FB603B681B68FA68134378
:10670000FB607B681B68FA685A607B681B68214ADB
:10671000934222D07B681B68B3F1804F1DD07B6809
:106720001B681D4A934218D07B681B681B4A934222
:1067300013D07B681B681A4A93420ED07B681B6893
:10674000184A934209D07B681B68174A934204D0C9
:106750007B681B68154A93420CD1BB6823F0800309
:10676000BB603B685B68BA681343BB607B681B68AF
:10677000BA689A607B68012283F83D207B6800221A
:1067800083F83C20002318461437BD465DF8047B8F
:10679000704700BF000001400004004000080040B6
:1067A000000C00400004014000400140001800407F
:1067B00080B483B000AF786000BF0C37BD465DF891
:1067C000047B704780B483B000AF786000BF0C37A3
:1067D000BD465DF8047B704780B582B000AF78603D
:1067E0007B68002B01D1012342E07B6893F84130A4
:1067F000DBB2002B06D17B68002283F8402078684A
:10680000FAF7FEFC7B68242283F841207B681B6832
:10681000DA687B681B6822F40052DA60786800F05E
:10682000FBFD7B681B681A697B681B6822F4904239
:106830001A617B681B685A697B681B6822F02A0210
:106840005A617B681B68DA687B681B6842F40052F7
:10685000DA607B6800225A647B68202283F841203A
:106860007B68202283F842207B6800225A63002341
:1068700018460837BD4680BD80B582B000AF78604D
:106880007B68002B01D1012324E07B68242283F85C
:1068900041207B681B68DA687B681B6822F4005221
:1068A000DA607868FAF784FD7B6800225A647B68B6
:1068B000002283F841207B68002283F842207B6815
:1068C00000221A637B6800225A637B68002283F8E7
:1068D0004020002318460837BD4680BD80B58AB0E9
:1068E00002AFF860B9603B601346FB8000237B6118
:1068F000FB6893F84130DBB2202B75D1BB68002BCD
:1069000002D0FB88002B01D101236EE0FB6800223E
:106910005A64FB68212283F84120FBF713FB78615E
:10692000FB68FA889A84FB68FA88DA84FB689B68BB
:10693000B3F5805F08D1FB681B69002B04D10023ED
:10694000FB61BB68BB6103E0BB68FB610023BB610B
:106950002EE03B6800937B6900228021F86800F0FC
:106960002DFB0346002B05D0FB68202283F8412035
:1069700003233AE0FB69002B0BD1BB691B881A4645
:10698000FB681B68C2F308025A60BB690233BB6133
:1069900007E0FB691A78FB681B685A60FB690133E2
:1069A000FB61FB68DB8C9BB2013B9AB2FB68DA842B
:1069B000FB68DB8C9BB2002BCBD13B6800937B69DF
:1069C00000224021F86800F0F9FA0346002B05D0B8
:1069D000FB68202283F84120032306E0FB68202285
:1069E00083F84120002300E0022318462037BD46EB
:1069F00080BD80B584B000AFF860B9601346FB80FD
:106A0000FB6893F84230DBB2202B12D1BB68002B1D
:106A100002D0FB88002B01D101230BE0FB68002290
:106A20001A63FB881A46B968F86800F020FB034631
:106A300000E0022318461037BD4680BD80B5BAB0CD
:106A400000AF78607B681B681B68C7F8E4307B6820
:106A50001B68DB68C7F8E0307B681B685B69C7F8B8
:106A6000DC300023C7F8D8300023C7F8D430D7F87B
:106A7000E43003F00F03C7F8D830D7F8D830002B34
:106A80000FD1D7F8E43003F02003002B09D0D7F85A
:106A9000E03003F02003002B03D0786800F0FDFB0A
:106AA00073E2D7F8D830002B00F0DE80D7F8DC3066
:106AB00003F00103002B06D1D7F8E03003F4907304
:106AC000002B00F0D180D7F8E43003F00103002B55
:106AD0000BD0D7F8E03003F48073002B05D07B682F
:106AE0005B6C43F001027B685A64D7F8E43003F032
:106AF0000403002B0BD0D7F8DC3003F00103002B8C
:106B000005D07B685B6C43F002027B685A64D7F85F
:106B1000E43003F00203002B0BD0D7F8DC3003F095
:106B20000103002B05D07B685B6C43F004027B689B
:106B30005A64D7F8E43003F00803002B11D0D7F8DB
:106B4000E03003F02003002B05D1D7F8DC3003F050
:106B50000103002B05D07B685B6C43F008027B6867
:106B60005A647B685B6C002B00F00A82D7F8E43033
:106B700003F02003002B08D0D7F8E03003F0200307
:106B8000002B02D0786800F088FB7B681B685B698B
:106B900003F04003402B0CBF01230023DBB2C7F8F6
:106BA000D4307B685B6C03F00803002B03D1D7F86B
:106BB000D430002B4FD0786800F093FA7B681B68C4
:106BC0005B6903F04003402B41D17B681B681433A1
:106BD000C7F89C30D7F89C3053E8003FC7F898308E
:106BE000D7F8983023F04003C7F8D0307B681B6893
:106BF0001433D7F8D020C7F8A820C7F8A430D7F8A6
:106C0000A410D7F8A82041E80023C7F8A030D7F88F
:106C1000A030002BD9D17B68DB6B002B13D07B68B5
:106C2000DB6B8A4A1A657B68DB6B1846FCF768FBEE
:106C30000346002B16D07B68DB6B1B6D7A68D26B2A
:106C4000104698470EE0786800F0A2F90AE07868EC
:106C500000F09EF906E0786800F09AF97B6800225F
:106C60005A648DE100BF8BE17B681B6B012B40F008
:106C70006781D7F8E43003F01003002B00F0608147
:106C8000D7F8E03003F01003002B00F05981002307
:106C9000BB607B681B681B68BB607B681B685B68AC
:106CA000BB60BB687B681B685B6903F04003402BDB
:106CB00040F0CE807B68DB6B1B685B68A7F8BE305A
:106CC000B7F8BE30002B00F0A9807B689B8DB7F829
:106CD000BE209A4280F0A2807B68B7F8BE20DA8599
:106CE0007B68DB6BDB69B3F5807F00F088807B68B5
:106CF0001B680C33C7F88830D7F8883053E8003F5A
:106D0000C7F88430D7F8843023F48073C7F8B830DC
:106D10007B681B680C33D7F8B820C7F89420C7F8F5
:106D20009030D7F89010D7F8942041E80023C7F8A6
:106D30008C30D7F88C30002BD9D17B681B6814338A
:106D40007B677B6F53E8003F3B673B6F23F001039A
:106D5000C7F8B4307B681B681433D7F8B420C7F881
:106D60008020FB67F96FD7F8802041E80023BB67DC
:106D7000BB6F002BE1D17B681B6814333B663B6E15
:106D800053E8003FFB65FB6D23F04003C7F8B030CC
:106D90007B681B681433D7F8B020FA66BB66B96EFF
:106DA000FA6E41E800237B667B6E002BE3D17B68A3
:106DB000202283F842207B6800221A637B681B68CC
:106DC0000C33FB64FB6C53E8003FBB64BB6C23F0EB
:106DD0001003C7F8AC307B681B680C33D7F8AC20C5
:106DE000BA657B65796DBA6D41E800233B653B6D03
:106DF000002BE3D17B68DB6B1846FCF711FA7B684C
:106E000002225A637B689A8D7B68DB8D9BB2D31A12
:106E10009BB21946786800F0C5F8B3E07B689B8D9B
:106E2000B7F8BE209A4240F0AD807B68DB6BDB692F
:106E3000B3F5807F40F0A6807B6802225A637B68AE
:106E40009B8D1946786800F0ADF89BE0A9710008A9
:106E50007B689A8D7B68DB8D9BB2D31AA7F8CE3006
:106E60007B68DB8D9BB2002B00F08E80B7F8CE30B4
:106E7000002B00F089807B681B680C33BB63BB6B05
:106E800053E8003F7B637B6B23F49073C7F8C830F3
:106E90007B681B680C33D7F8C8207A643B64396C74
:106EA0007A6C41E80023FB63FB6B002BE3D17B682A
:106EB0001B6814337B627B6A53E8003F3B623B6A8A
:106EC00023F00103C7F8C4307B681B681433D7F87C
:106ED000C4203A63FB62F96A3A6B41E80023BB6263
:106EE000BB6A002BE3D17B68202283F842207B68B9
:106EF00000221A637B681B680C333B613B6953E8D3
:106F0000003FFB60FB6823F01003C7F8C0307B68CC
:106F10001B680C33D7F8C020FA61BB61B969FA6904
:106F200041E800237B617B69002BE3D17B6802226F
:106F30005A63B7F8CE301946786800F033F823E08A
:106F4000D7F8E43003F08003002B09D0D7F8E03005
:106F500003F08003002B03D0786800F036F914E0CA
:106F6000D7F8E43003F04003002B0ED0D7F8E03020
:106F700003F04003002B08D0786800F076F904E0B5
:106F800000BF02E000BF00E000BFE837BD4680BDA3
:106F900080B483B000AF786000BF0C37BD465DF8A9
:106FA000047B704780B483B000AF78600B467B8071
:106FB00000BF0C37BD465DF8047B704780B586B0D6
:106FC00000AFF860B9603B601346FB713BE03B6A81
:106FD000B3F1FF3F37D0FAF7B5FF02463B68D31A4B
:106FE0003A6A9A4202D33B6A002B01D103233AE06A
:106FF000FB681B68DB6803F00403002B23D0BB682D
:10700000802B20D0BB68402B1DD0FB681B681B6801
:1070100003F00803082B16D100237B61FB681B6873
:107020001B687B61FB681B685B687B617B69F86838
:1070300000F057F8FB6808225A64FB68002283F8C6
:10704000402001230FE0FB681B681A68BB681340EF
:10705000BA689A420CBF01230023DBB21A46FB79BF
:107060009A42B4D0002318461837BD4680BD80B47C
:1070700085B000AFF860B9601346FB80FB68BA6862
:107080009A62FB68FA889A85FB68FA88DA85FB6859
:1070900000225A64FB68222283F84220FB681B69A5
:1070A000002B07D0FB681B68DA68FB681B6842F49A
:1070B0008072DA60FB681B685A69FB681B6842F0E3
:1070C00001025A61FB681B68DA68FB681B6842F0C2
:1070D0002002DA60002318461437BD465DF8047BB1
:1070E000704780B495B000AF78607B681B680C3344
:1070F0007B637B6B53E8003F3B633B6B23F49073F4
:10710000FB647B681B680C33FA6C3A64FB63F96BB5
:107110003A6C41E80023BB63BB6B002BE5D17B6875
:107120001B6814333B623B6A53E8003FFB61FB6919
:1071300023F00103BB647B681B681433BA6CFA62EA
:10714000BB62B96AFA6A41E800237B627B6A002B62
:10715000E5D17B681B6B012B19D17B681B680C3355
:10716000FB60FB6853E8003FBB60BB6823F0100383
:107170007B647B681B680C337A6CBA617B617969CC
:10718000BA6941E800233B613B69002BE5D17B688C
:10719000202283F842207B6800221A6300BF543704
:1071A000BD465DF8047B704780B584B000AF786061
:1071B0007B689B6BFB60FB680022DA85F868FFF751
:1071C000E7FE00BF1037BD4680BD80B485B000AF7C
:1071D00078607B6893F84130DBB2212B3ED17B682D
:1071E0009B68B3F5805F14D17B681B69002B10D1BD
:1071F0007B681B6AFB60FB681B881A467B681B6800
:10720000C2F308025A607B681B6A9A1C7B681A6288
:1072100008E07B681B6A591C7A6811621A787B68DF
:107220001B685A607B68DB8C9BB2013B9BB27A681F
:107230001946D184002B0FD17B681B68DA687B6804
:107240001B6822F08002DA607B681B68DA687B6862
:107250001B6842F04002DA60002300E00223184677
:107260001437BD465DF8047B704780B582B000AF2F
:1072700078607B681B68DA687B681B6822F04002D4
:10728000DA607B68202283F84120786802F044F9B4
:10729000002318460837BD4680BD80B58CB000AFCE
:1072A00078600023FB620023BB627B6893F8423066
:1072B000DBB2222B40F0AA807B689B68B3F5805F2D
:1072C00015D17B681B69002B11D17B689B6ABB625F
:1072D0007B681B685B689BB2C3F308039AB2BB6A06
:1072E0001A807B689B6A9A1C7B689A6224E07B68A0
:1072F0009B6AFB627B689B68B3F5805F07D07B6805
:107300009B68002B0AD17B681B69002B06D17B6828
:107310001B685B68DAB2FB6A1A7008E07B681B685E
:107320005B68DBB203F07F03DAB2FB6A1A707B683A
:107330009B6A5A1C7B689A627B68DB8D9BB2013B1F
:107340009BB27A681946D185002B5DD17B681B689A
:10735000DA687B681B6822F02002DA607B681B68B1
:10736000DA687B681B6822F48072DA607B681B68CD
:107370005A697B681B6822F001025A617B682022EF
:1073800083F842207B6800225A637B681B6B012BC9
:1073900035D17B6800221A637B681B680C337B61E4
:1073A0007B6953E8003F3B613B6923F010037B623C
:1073B0007B681B680C337A6A3A62FB61F9693A6A46
:1073C00041E80023BB61BB69002BE5D17B681B68EA
:1073D0001B6803F01003102B0AD10023FB607B68AD
:1073E0001B681B68FB607B681B685B68FB60FB6855
:1073F0007B689B8D19467868FFF7D4FD02E07868BA
:1074000002F0BEF9002302E0002300E00223184648
:107410003037BD4680BD00002DE9B04FC0B000AF91
:10742000C7F8F400D7F8F4301B681B6923F4405008
:10743000D7F8F430D968D7F8F4301A6840EA010375
:107440001361D7F8F4309A68D7F8F4301B691A43FF
:10745000D7F8F4305B691A43D7F8F430DB6913438B
:10746000C7F8F830D7F8F4301B68DB6823F416410E
:1074700021F00C01D7F8F4301A68D7F8F8300B4334
:10748000D360D7F8F4301B685B6923F44070D7F8F9
:10749000F4309969D7F8F4301A6840EA010353616F
:1074A000D7F8F4301A688F4B9A4205D0D7F8F430E9
:1074B0001A688D4B9A4204D1FEF74CFCC7F8FC00C9
:1074C00003E0FEF733FCC7F8FC00D7F8F430DB69C3
:1074D000B3F5004F40F00C81D7F8FC300022C7F81C
:1074E000E830C7F8EC20D7E93A4522462B469118F8
:1074F000B9655B41FB65D7E91623214612EB01080C
:10750000294643EB01094FF000024FF000034FEA18
:10751000C90343EA58734FEAC80290469946234686
:1075200018EB0303C7F8E0302B4649EB0303C7F819
:10753000E430D7F8F4305B680022C7F8D830C7F8D9
:10754000DC20D7E936120B46DB183B65134642EBCD
:1075500003037B65D7E91423D7E93801F8F788FEE0
:1075600002460B46614BA3FB02235B091C01D7F8C3
:10757000FC300022C7F8D030C7F8D420D7E93489CE
:1075800042464B469118B9645B41FB64D7E912232C
:10759000414612EB010A494643EB010B4FF0000252
:1075A0004FF000034FEACB0343EA5A734FEACA0293
:1075B00092469B4643461AEB0303C7F8C8304B4636
:1075C0004BEB0303C7F8CC30D7F8F4305B680022EC
:1075D000C7F8C030C7F8C420D7E930120B46DB1813
:1075E0003B64134642EB03037B64D7E91023D7E9DE
:1075F0003201F8F73DFE02460B4611463B4BA3FB1A
:1076000001235B09642202FB03F3CB1ADB0003F1C5
:107610003202364BA3FB02235B095B0003F4F873D1
:107620001C44D7F8FC300022C7F8B830C7F8BC209B
:10763000D7E92E8942464B469118B9635B41FB63FB
:10764000D7E90E2341465118396349464B417B63C4
:107650004FF000024FF00003D7E90CAB5946CB00C6
:10766000514643EA51735146CA0010461946034633
:1076700042469B18C7F8B0304B460A4642EB03031C
:10768000C7F8B430D7F8F4305B680022C7F8A830E8
:10769000C7F8AC20D7E92A120B46DB18BB621346A9
:1076A00042EB0303FB62D7E90A23D7E92C01F8F781
:1076B000DFFD02460B460D4BA3FB02135B09642161
:1076C00001FB03F3D31ADB003233084AA2FB032386
:1076D0005B0903F00702D7F8F4301B6822449A6074
:1076E00006E100BF00100140001401401F85EB516E
:1076F000D7F8FC300022C7F8A030C7F8A420D7E99B
:10770000288942464B46911839625B417B62D7E932
:10771000082341465418494643EB01054FF0000247
:107720004FF00003EB0043EA5473E20014461D4699
:107730004346E318C7F898304B4645EB0303C7F8B8
:107740009C30D7F8F4305B680022C7F89030C7F857
:1077500094204FF000024FF00003D7E9244529465A
:107760008B00214643EA917321468A00D7E926011E
:10777000F8F77EFD02460B46604BA3FB02235B0934
:107780001C01D7F8FC300022C7F88830C7F88C20DD
:10779000D7E9228942464B469118B9615B41FB61AA
:1077A000D7E9062341465118396149464B417B616F
:1077B0004FF000024FF00003D7E904AB5946CB006D
:1077C000514643EA51735146CA00104619460346D2
:1077D00042469B18C7F880304B460A4642EB0303EB
:1077E000C7F88430D7F8F4305B680022BB67FA67CB
:1077F0004FF000024FF00003D7E91E8949468B0085
:10780000414643EA917341468A00D7E92001F8F7DF
:107810002FFD02460B461146384BA3FB01235B09A3
:10782000642202FB03F3CB1A1B013233334AA2FB5F
:1078300003235B0903F0F0031C44D7F8FC3000225B
:107840003B677A67D7E91C8942464B469118B96075
:107850005B41FB60D7E90223414651183960494634
:107860004B417B604FF000024FF00003D7E900ABC3
:107870005946CB00514643EA51735146CA0010465F
:107880001946034642469B18BB664B460A4642EBE6
:107890000303FB66D7F8F4305B6800223B667A6628
:1078A0004FF000024FF00003D7E9188949468B00DA
:1078B000414643EA917341468A00D7E91A01F8F735
:1078C000D7FC02460B460D4BA3FB02135B09642158
:1078D00001FB03F3D31A1B013233084AA2FB032333
:1078E0005B0903F00F02D7F8F4301B6822449A605A
:1078F00000BF07F58077BD46BDE8B08F1F85EB510F
:1079000084B080B584B000AF786007F11C0080E8D7
:107910000E0097F82130012B23D17B689B6B23F459
:1079200080327B689A637B68DB6823F4840323F0EE
:1079300040037A68D3607B68DB6823F440127B687D
:10794000DA6097F82830012B05D17B68DB6843F4B7
:1079500080127B68DA60786801F0E8FA0346FB730E
:107960001BE07B68DB6843F040027B68DA60786884
:1079700001F0DCFA0346FB7397F82530002B06D1A3
:107980007B689B6B43F480327B689A6305E07B687D
:107990009B6B23F480327B689A63BB7F012B0BD1F6
:1079A0007B689B6843F006027B689A607B689B68F3
:1079B00043F020027B689A60FB7B18461037BD4677
:1079C000BDE8804004B0704780B487B000AFF86075
:1079D000B9601346FB71FB79022B65D1BB68414A44
:1079E000934206D9BB68404A934202D20F237B617F
:1079F00062E0BB683C4A934206D3BB683B4A934271
:107A000002D20E237B6157E0BB68384A934206D30B
:107A1000BB68374A934202D20D237B614CE0BB68BE
:107A2000334A934206D3BB68324A934202D80C23AE
:107A30007B6141E0BB682F4A934206D9BB682E4A5E
:107A4000934202D80B237B6136E0BB682A4A9342FB
:107A500006D9BB68294A934202D80A237B612BE0EE
:107A6000BB68264A934206D9BB68254A934202D294
:107A700009237B6120E0BB68214A934206D3BB689F
:107A8000204A934202D808237B6115E0BB681D4A57
:107A9000934206D9BB681C4A934202D207237B61FA
:107AA0000AE006237B6107E0FB79002B02D1092362
:107AB0007B6101E009237B61FB68DB6823F4705282
:107AC000FB68DA60FB68DA687B699B0203F4705339
:107AD0001A43FB68DA60002318461C37BD465DF880
:107AE000047B7047BFACD800C0E1E4000024F40080
:107AF000807306019F491A01FF2C31013FA44C01FC
:107B000000366E011FABA6010048E80180B483B0C7
:107B100000AF78607B689B6843F001027B689A60E5
:107B2000002318460C37BD465DF8047B704780B4CF
:107B300083B000AF78607B689B6823F001027B68AC
:107B40009A60002318460C37BD465DF8047B7047E9
:107B500080B584B000AF78600B46FB700023FB60FB
:107B60007B68DB6823F0C0427B68DA60FB78012B1E
:107B700015D17B68DB6843F000527B68DA600A202D
:107B8000FAF7ECF9FB680A33FB60786801F03FF91B
:107B90000346012B1ED0FB68C72BF0D91AE0FB78F7
:107BA000002B15D17B68DB6843F080427B68DA608C
:107BB0000A20FAF7D3F9FB680A33FB60786801F012
:107BC00026F90346002B05D0FB68C72BF0D901E04E
:107BD000012305E0FB68C82B01D1012300E000234D
:107BE00018461037BD4680BD84B080B586B000AF62
:107BF000786007F1240080E80E000023FB757B68A5
:107C0000FB6000233B6109E07A683B6940339B00DD
:107C1000134400225A603B6901333B613B690E2BE0
:107C2000F2D997F82E30002B1CD1FB6803F50063C6
:107C30005B68FA6802F5006243F0020353607B68F8
:107C40009B6B43F400127B689A637B689B6B23F405
:107C500000227B689A637B689B6B23F480227B689D
:107C60009A630BE07B689B6B23F400127B689A633A
:107C70007B689B6B43F400227B689A63FB6803F587
:107C800060631A460023136097F82930012B0DD149
:107C900097F82730002B04D10021786800F068F9AC
:107CA00008E00121786800F063F903E003217868B7
:107CB00000F05EF91021786800F0FAF80346002B16
:107CC00001D00123FB75786800F024F90346002BEE
:107CD00001D00123FB75FB6803F500631A460023FE
:107CE0001361FB6803F500631A4600235361FB68C8
:107CF00003F500631A460023D36100233B6143E090
:107D00003B695A01FB68134403F510631B6803F0D9
:107D10000043B3F1004F18D13B69002B0AD13B69F6
:107D20005A01FB68134403F510631A464FF00063D1
:107D3000136013E03B695A01FB68134403F51063B9
:107D40001A464FF09043136008E03B695A01FB6804
:107D5000134403F510631A46002313603B695A016C
:107D6000FB68134403F510631A46002313613B6953
:107D70005A01FB68134403F510631A464FF67F332C
:107D800093603B6901333B6197F824301A463B69A5
:107D90009342B5D300233B6143E03B695A01FB6842
:107DA000134403F530631B6803F00043B3F1004F45
:107DB00018D13B69002B0AD13B695A01FB68134477
:107DC00003F530631A464FF00063136013E03B691C
:107DD0005A01FB68134403F530631A464FF0904391
:107DE000136008E03B695A01FB68134403F53063F4
:107DF0001A46002313603B695A01FB68134403F5DC
:107E000030631A46002313613B695A01FB6813442F
:107E100003F530631A464FF67F3393603B690133B5
:107E20003B6197F824301A463B699342B5D3FB680F
:107E300003F500631B69FA6802F5006223F480739E
:107E400013617B6800229A617B686FF080425A61FF
:107E500097F82630002B05D17B689B6943F0100210
:107E60007B689A617B689A69104B13437A689361C7
:107E700097F82A30002B05D07B689B6943F00802F5
:107E80007B689A6197F82E30012B07D17B689B693C
:107E900043F0804343F004037A689361FB7D184606
:107EA0001837BD46BDE8804004B0704700383C80BC
:107EB00080B485B000AF786039600023FB60FB6858
:107EC0000133FB60FB68B3F1706F01D903231BE042
:107ED0007B681B69002BF2DA0023FB603B689B0187
:107EE00043F020027B681A61FB680133FB60FB688A
:107EF000B3F1706F01D9032306E07B681B6903F0BF
:107F00002003202BF0D0002318461437BD465DF81F
:107F1000047B704780B485B000AF78600023FB60BD
:107F2000FB680133FB60FB68B3F1706F01D9032379
:107F300018E07B681B69002BF2DA0023FB607B688A
:107F400010221A61FB680133FB60FB68B3F1706FAC
:107F500001D9032306E07B681B6903F01003102B93
:107F6000F0D0002318461437BD465DF8047B7047F7
:107F700080B485B000AF78600B46FB707B68FB6017
:107F8000FB6803F500631A68FB78F96801F5006186
:107F900013430B60002318461437BD465DF8047B7D
:107FA000704780B487B000AF78607B683B613B6905
:107FB00003F500639B6803F00603FB60FB68002B7E
:107FC00002D10023FB750AE0FB68022B02D0FB689C
:107FD000062B02D10223FB7501E00F23FB75FB7D0D
:107FE00018461C37BD465DF8047B704780B485B0E9
:107FF00000AF786039607B68FB603B681B78BB60D2
:108000003B685B78012B3AD1FB6803F50063DA69C2
:108010003B681B7803F00F03012101FA03F39BB2C5
:10802000F96801F500611343CB61BB685A01FB6835
:10803000134403F510631B6803F40043002B55D170
:10804000BB685A01FB68134403F510631A683B6868
:108050009B68C3F30A013B681B799B041943BB6807
:108060009B050B431343BA685101FA680A4402F5B1
:10807000106243F0805343F40043136036E0FB6822
:1080800003F50063DA693B681B7803F00F030121F5
:1080900001FA03F31B04F96801F500611343CB6196
:1080A000BB685A01FB68134403F530631B6803F493
:1080B0000043002B1AD1BB685A01FB68134403F537
:1080C00030631A683B689B68C3F30A013B681B79FD
:1080D0009B040B431343BA685101FA680A4402F542
:1080E000306243F0805343F400431360002318468A
:1080F0001437BD465DF8047B7047000080B485B03E
:1081000000AF786039607B68FB603B681B78BB60C0
:108110003B685B78012B61D1BB685A01FB68134453
:1081200003F510631B6803F00043B3F1004F1FD148
:10813000BB685A01FB68134403F510631B68BA68F7
:108140005101FA680A4402F5106243F000631360BB
:10815000BB685A01FB68134403F510631B68BA68D7
:108160005101FA680A4402F5106243F0804313603B
:10817000FB6803F50063DA6B3B681B7803F00F03C1
:10818000012101FA03F39BB2DB43F96801F50061B9
:108190001340CB63FB6803F50063DA693B681B7827
:1081A00003F00F03012101FA03F39BB2DB43F968EB
:1081B00001F500611340CB61BB685A01FB681344B1
:1081C00003F510631A68BB685901FB680B4403F59B
:1081D00010631946354B13400B6060E0BB685A01D1
:1081E000FB68134403F530631B6803F00043B3F1ED
:1081F000004F1FD1BB685A01FB68134403F530637D
:108200001B68BA685101FA680A4402F5306243F00B
:1082100000631360BB685A01FB68134403F53063C5
:108220001B68BA685101FA680A4402F5306243F0EB
:1082300080431360FB6803F50063DA6B3B681B78CF
:1082400003F00F03012101FA03F31B04DB43F96878
:1082500001F500611340CB63FB6803F50063DA6945
:108260003B681B7803F00F03012101FA03F31B04A1
:10827000DB43F96801F500611340CB61BB685A012B
:10828000FB68134403F530631A68BB685901FB6847
:108290000B4403F530631946054B13400B60002374
:1082A00018461437BD465DF8047B7047007833EC00
:1082B0000078F3EF80B58AB002AFF860B96013467A
:1082C000FB71FB68FB61BB681B78BB61BB685B78BB
:1082D000012B40F07F81BB681B69002B32D1BB6949
:1082E0005A01FB69134403F510631B69BA69510114
:1082F000FA690A4402F5106223F0FF5323F4C01315
:108300001361BB695A01FB69134403F510631B69D0
:10831000BA695101FA690A4402F5106243F4002374
:108320001361BB695A01FB69134403F510631B69B0
:10833000BA695101FA690A4402F51062DB0CDB04E8
:10834000136197E0BB695A01FB69134403F510639D
:108350001B69BA695101FA690A4402F51062DB0C23
:10836000DB041361BB695A01FB69134403F5106315
:108370001B69BA695101FA690A4402F5106223F0D7
:10838000FF5323F4C0131361BB69002B1AD1BB68E0
:108390001A69BB689B689A4203D9BB689A68BB6834
:1083A0001A61BB695A01FB69134403F510631B6929
:1083B000BA695101FA690A4402F5106243F40023D4
:1083C000136144E0BB681A69BB689B6813445A1E7A
:1083D000BB689B68B2FBF3F3FB82BB695A01FB6984
:1083E000134403F510631A69FB8AD904A44B0B40AC
:1083F000B9694801F969014401F5106113430B6142
:10840000BB681B79012B22D1BB695A01FB6913445C
:1084100003F510631B69BA695101FA690A4402F550
:10842000106223F0C0431361BB695A01FB69134416
:1084300003F510631A69FB8A5B0703F0C043B9694F
:108440004801F969014401F5106113430B61BB69EF
:108450005A01FB69134403F510631A69BB681B6971
:10846000C3F31203B9694801F969014401F51061C8
:1084700013430B61FB79012B4BD1BB68DB69002BEC
:1084800009D0BB695A01FB69134403F510631A460E
:10849000BB68DB695361BB681B79012B28D1FB6981
:1084A00003F500639B6803F48073002B10D1BB6954
:1084B0005A01FB69134403F510631B68BA69510143
:1084C000FA690A4402F5106243F0005313600FE0AA
:1084D000BB695A01FB69134403F510631B68BA6951
:1084E0005101FA690A4402F5106243F080531360A7
:1084F000BB695A01FB69134403F510631B68BA6931
:108500005101FA690A4402F5106243F00443136012
:1085100066E1BB695A01FB69134403F510631B68EC
:10852000BA695101FA690A4402F5106243F0044342
:108530001360BB681B79012B15D0BB681B69002B2E
:1085400000F04E81FB6903F500635A6BBB681B7832
:1085500003F00F03012101FA03F3F96901F500614A
:1085600013434B633CE1FB6903F500639B6803F431
:108570008073002B10D1BB695A01FB69134403F5CA
:1085800010631B68BA695101FA690A4402F5106266
:1085900043F0005313600FE0BB695A01FB691344B9
:1085A00003F510631B68BA695101FA690A4402F5C0
:1085B000106243F080531360BB68D968BB681A78B7
:1085C000BB681B6998B2FB7900930346F86800F01A
:1085D000B9F905E1BB695A01FB69134403F530633E
:1085E0001B69BA695101FA690A4402F53062DB0C71
:1085F000DB041361BB695A01FB69134403F5306363
:108600001B69BA695101FA690A4402F5306223F024
:10861000FF5323F4C0131361BB69002B32D1BB6835
:108620001B69002B03D0BB689A68BB681A61BB68E2
:108630009A68BB681A62BB695A01FB69134403F567
:1086400030631A69BB681B6AC3F31203B969480136
:10865000F969014401F5306113430B61BB695A01AB
:10866000FB69134403F530631B69BA695101FA6968
:108670000A4402F5306243F40023136162E000BF54
:108680000000F81FBB681B69002B23D1BB695A018E
:10869000FB69134403F530631A69BB689B68C3F335
:1086A0001203B9694801F969014401F530611343C6
:1086B0000B61BB695A01FB69134403F530631B6905
:1086C000BA695101FA690A4402F5306243F40023A1
:1086D000136137E0BB681A69BB689B6813445A1E74
:1086E000BB689B68B2FBF3F3FB82BB689B68FA8AAA
:1086F00003FB02F2BB681A62BB695A01FB691344AF
:1087000003F530631A69FB8AD904384B0B40B96909
:108710004801F969014401F5306113430B61BB69FC
:108720005A01FB69134403F530631A69BB681B6A7D
:10873000C3F31203B9694801F969014401F53061D5
:1087400013430B61FB79012B0DD1BB68DB68002B58
:1087500009D0BB68D968BB695A01FB69134403F5AA
:1087600030630A465A61BB681B79012B28D1FB692B
:1087700003F500639B6803F48073002B10D1BB6981
:108780005A01FB69134403F530631B68BA69510150
:10879000FA690A4402F5306243F0005313600FE0B7
:1087A000BB695A01FB69134403F530631B68BA695E
:1087B0005101FA690A4402F5306243F080531360B4
:1087C000BB695A01FB69134403F530631B68BA693E
:1087D0005101FA690A4402F5306243F00443136020
:1087E000002318462037BD4680BD00BF0000F81F9B
:1087F00080B487B000AF786039600023FB6000234D
:10880000FB757B683B613B685B78012B4AD13B6819
:108810001B785A013B69134403F510631B6803F08E
:108820000043B3F1004F40F086803B681B785A014B
:108830003B69134403F510631B683A6812785101D1
:108840003A690A4402F5106243F0006313603B6822
:108850001B785A013B69134403F510631B683A689F
:10886000127851013A690A4402F5106243F08043DC
:108870001360FB680133FB60FB6842F210729342A5
:1088800002D90123FB7556E03B681B785A013B690E
:10889000134403F510631B6803F00043B3F1004F6A
:1088A000E7D048E03B681B785A013B69134403F565
:1088B00030631B6803F00043B3F1004F3BD13B68CA
:1088C0001B785A013B69134403F530631B683A680F
:1088D000127851013A690A4402F5306243F00063AC
:1088E00013603B681B785A013B69134403F53063FE
:1088F0001B683A68127851013A690A4402F53062FD
:1089000043F080431360FB680133FB60FB6842F275
:108910001072934202D90123FB750CE03B681B786F
:108920005A013B69134403F530631B6803F00043AD
:10893000B3F1004FE7D0FB7D18461C37BD465DF80C
:10894000047B704780B489B000AFF860B96011460D
:108950001A460B46FB711346BB80FB687B61BB6804
:10896000FB6197F82830002B23D1BB8803339B0889
:108970003B610023BB6118E0FB791A037B69134458
:1089800003F580531A46FB691B681360FB690133CA
:10899000FB61FB690133FB61FB690133FB61FB692F
:1089A0000133FB61BB690133BB61BA693B699A4220
:1089B000E2D3002318462437BD465DF8047B704798
:1089C00080B48BB000AFF860B9601346FB80FB68E1
:1089D000BB61BB687B62FB889B089BB27B61FB88A9
:1089E00003F00303FB8300233B6214E0BB6903F540
:1089F00080531A687B6A1A607B6A01337B627B6AE8
:108A000001337B627B6A01337B627B6A01337B6269
:108A10003B6A01333B623A6A7B699A42E6D3FB8B3D
:108A2000002B1ED000233B62BB6903F580531A461E
:108A300007F1100312681A603A693B6ADBB2DB0087
:108A400022FA03F3DAB27B6A1A703B6A01333B62A3
:108A50007B6A01337B62FB8B013BFB83FB8B002B2F
:108A6000EAD17B6A18462C37BD465DF8047B704717
:108A700080B485B000AF786039607B68FB603B688C
:108A80001B78BB603B685B78012B2CD1BB685A011B
:108A9000FB68134403F510631B68002B12DBBB68F3
:108AA000002B0FD0BB685A01FB68134403F5106319
:108AB0001B68BA685101FA680A4402F5106223F093
:108AC00080431360BB685A01FB68134403F51063CD
:108AD0001B68BA685101FA680A4402F5106243F44F
:108AE000001313602BE0BB685A01FB68134403F5C5
:108AF00030631B68002B12DBBB68002B0FD0BB68F8
:108B00005A01FB68134403F530631B68BA685101CE
:108B1000FA680A4402F5306223F080431360BB68B0
:108B20005A01FB68134403F530631B68BA685101AE
:108B3000FA680A4402F5306243F40013136000231C
:108B400018461437BD465DF8047B704780B485B085
:108B500000AF786039607B68FB603B681B78BB6066
:108B60003B685B78012B28D1BB685A01FB68134432
:108B700003F510631B68BA685101FA680A4402F5EC
:108B8000106223F4001313603B681B79032B03D09E
:108B90003B681B79022B38D1BB685A01FB68134430
:108BA00003F510631B68BA685101FA680A4402F5BC
:108BB000106243F08053136027E0BB685A01FB68E2
:108BC000134403F530631B68BA685101FA680A441C
:108BD00002F5306223F4001313603B681B79032B0A
:108BE00003D03B681B79022B0FD1BB685A01FB688D
:108BF000134403F530631B68BA685101FA680A44EC
:108C000002F5306243F08053136000231846143796
:108C1000BD465DF8047B704780B485B000AF7860D6
:108C20000B46FB707B68FB60FB6803F500631B6809
:108C3000FA6802F5006223F4FE631360FB6803F533
:108C400000631A68FB781B0103F4FE63F96801F501
:108C5000006113430B60002318461437BD465DF8CE
:108C6000047B704780B485B000AF78607B68FB60A0
:108C7000FB6803F560631B68FA6802F5606223F025
:108C800003031360FB6803F500635B68FA6802F591
:108C9000006223F002035360002318461437BD46D8
:108CA0005DF8047B704780B485B000AF78607B6866
:108CB000FB60FB6803F560631B68FA6802F560629D
:108CC00023F003031360FB6803F500635B68FA6835
:108CD00002F5006243F00203536000231846143784
:108CE000BD465DF8047B704780B485B000AF786006
:108CF0007B685B69FB607B689B69FA681340FB607B
:108D0000FB6818461437BD465DF8047B704780B495
:108D100085B000AF78607B68FB60FB6803F500639B
:108D20009B69BB60FB6803F50063DB69BA681340AD
:108D3000BB60BB681B0C18461437BD465DF8047B4E
:108D4000704780B485B000AF78607B68FB60FB68DB
:108D500003F500639B69BB60FB6803F50063DB6997
:108D6000BA681340BB60BB689BB218461437BD4657
:108D70005DF8047B704780B485B000AF78600B4627
:108D8000FB707B68FB60FB785A01FB68134403F5BA
:108D900030639B68BB60FB6803F500635B69BA687E
:108DA0001340BB60BB6818461437BD465DF8047BB2
:108DB000704780B487B000AF78600B46FB707B686B
:108DC0007B617B6903F500631B693B617B6903F58C
:108DD00000635B6BFB60FB7803F00F03FA6822FA19
:108DE00003F3DB01DBB23A6913433B61FB785A01C1
:108DF0007B69134403F510639B683A691340BB60B9
:108E0000BB6818461C37BD465DF8047B704780B4CC
:108E100083B000AF78607B685B6903F0010318469C
:108E20000C37BD465DF8047B704780B485B000AF59
:108E300078607B68FB60FB6803F510631B68FA6869
:108E400002F5106223F4FF6323F007031360FB684D
:108E500003F500635B68FA6802F5006243F480730F
:108E60005360002318461437BD465DF8047B7047F5
:108E700080B487B000AFF8600B467A60FB72FB6885
:108E80007B61FB683C3304331B683B613B69264ACA
:108E900093420AD97B6903F530631B6803F00043F2
:108EA000B3F1004F01D1002337E07B6903F5306354
:108EB0001A46002313617B6903F530631B697A69E5
:108EC00002F5306243F4002313617B6903F53063DC
:108ED0001B697A6902F5306243F0180313617B69FC
:108EE00003F530631B697A6902F5306243F0C043D1
:108EF0001361FB7A012B0FD17B6903F530631A46AE
:108F00007B6853617B6903F530631B687A6902F5FE
:108F1000306243F080231360002318461C37BD469F
:108F20005DF8047B704700BF0A30544F80B485B0B1
:108F300000AF78600023FB60FB680133FB60FB68D7
:108F4000B3F1706F01D9032322E07B681B69002B0A
:108F5000F2DA0A23FB6002E0FB68013BFB60FB687E
:108F6000002BF9D17B681B6943F001027B681A6111
:108F7000FB680133FB60FB68B3F1706F01D9032319
:108F800006E07B681B6903F00103012BF0D000238E
:108F900018461437BD465DF8047B704780B500AFB6
:108FA00001F008FC00221749174802F027F8034691
:108FB000002B01D0F7F7C8FD1449134802F04AF816
:108FC0000346002B01D0F7F7BFFD11490E4801F011
:108FD000CBF80346002B01D0F7F7B6FD0D490A4840
:108FE00001F0BEFF0346002B01D0F7F7ADFD0648A8
:108FF00002F06EF80346002B01D0F7F7A5FD00BF85
:1090000080BD00BF2C0000206C8B00209001002050
:1090100018000020A000002080B485B000AF0346F7
:10902000FB710023FB60FB79002B01D1044BFB603B
:10903000FB6818461437BD465DF8047B704700BFD7
:109040002C45002080B485B000AF78600023FB730E
:109050007B68064A934201D10023FB73FB7B1846D1
:109060001437BD465DF8047B704700BF2C450020D7
:1090700080B586B000AF0346FB71FB791846FFF759
:10908000CBFF78617869FDF7F7FB0346002B01D031
:10909000F7F75AFDFB795C4ADB0013441B79002B80
:1090A00002D0022B04D008E07B690022DA6008E0DD
:1090B0007B694FF40052DA6003E07B690022DA60DA
:1090C00000BFFB79504ADB0013445B79022B0FD0C1
:1090D000022B12DC002B02D0012B04D00DE07B69A7
:1090E00000221A610DE07B694FF4C0621A6108E04A
:1090F0007B694FF480621A6103E07B6900221A6188
:1091000000BFFB79404ADB0013449B79072B02D058
:10911000082B04D010E07B6900229A6010E07B6984
:109120001B69002B03D17B6900229A6008E07B69F0
:109130004FF480529A6003E07B6900229A6000BF7E
:10914000FB79314A52F83330002B05D1FB792E4A96
:109150004FF4E13142F83310FB792B4A52F83320B7
:109160007B695A607B6900229A617B690C225A6193
:109170007B690022DA617869FDF72EFB0346002B3C
:1091800001D0F7F7E1FCFB799B01204A134401224F
:1091900019467869FDF72DFC0346002B01D0F7F73F
:1091A000D3FC00233B617B691B681B683B617B69C7
:1091B0001B685B683B613B690023FB607B691B6844
:1091C0001B68FB607B691B685B68FB60FB680023B6
:1091D000BB607B691B681B68BB607B691B685B6845
:1091E000BB60BB68BFF34F8F00BFFB79084A00210B
:1091F00042F82310FB79074A002142F8231000BFF0
:109200001837BD4680BD00BF088F0020C88E0020E3
:10921000108F0020148F002080B582B000AF03466D
:10922000FB71FB799B010D4A1A44FB790C491846E6
:1092300000F0D4FF0B48FCF781FE0346002B05D15C
:109240000948FCF77BFE0346002B01D0F7F77CFCB6
:10925000002318460837BD4680BD00BF888E002019
:109260006C8B00200C4400205444002080B582B058
:1092700000AF0346FB71FB791846FFF7CDFE0346AE
:109280001846FDF7F9FA0346002B01D0F7F75CFC0E
:109290000948FCF7C3FE0346002B05D10748FCF73D
:1092A000BDFE0346002B01D0F7F74EFC0023184605
:1092B0000837BD4680BD00BF0C4400205444002048
:1092C00080B582B000AF3A601A460346FB710B4688
:1092D000BB711346BB80BB79232B00F2BA8001A27D
:1092E00052F823F053940008539400085394000854
:1092F00053940008539400085394000853940008B2
:1093000053940008539400085394000853940008A1
:109310005394000853940008539400085394000891
:109320005394000853940008539400085394000881
:109330005394000853940008539400085394000871
:109340005394000853940008539400085394000861
:109350005394000853940008539400085394000851
:109360005394000875930008DD9300085394000897
:10937000539400083B681B781A463B6801331B78FE
:109380001B021A433B6802331B781B041A433B68D9
:1093900003331B781B061A43FB791146304A42F807
:1093A0003310FB793A6811792D4ADB0013440A46E1
:1093B0001A71FB793A685179294ADB0013440A464D
:1093C0005A71FB793A689179254ADB0013440A46C1
:1093D0009A71FB791846FFF74BFE3BE0FB79204A78
:1093E00052F83330DAB23B681A70FB791C4A52F8F3
:1093F00033301A0A3B680133D2B21A70FB79184A2B
:1094000052F833301A0C3B680233D2B21A70FB792F
:10941000134A52F833301A0E3B680333D2B21A7033
:10942000FB793A6804320E49DB000B441B79137058
:10943000FB793A6805320A49DB000B445B7913700B
:10944000FB793A6806320649DB000B449B791370BE
:1094500000E000BF002318460837BD4680BD00BFAE
:10946000088F0020B0B586B000AF0346B9607A60BF
:10947000FB7300237B6121E0BA687B69D018F97B1C
:10948000FA7B194B53F822305C1C174D45F82240EB
:10949000047816480A030244134422461A70FB7BE0
:1094A000114A52F82330B3F5805F04D3FB7B0E4A98
:1094B000002142F823107B6901337B617B681B68C4
:1094C0007A699A42D8D3FB7BBA680949184600F0FA
:1094D00085FEFB7B0649184600F0E0FE0023184697
:1094E0001837BD46B0BD00BF189F0020188F002060
:1094F0006C8B002080B485B000AFB9607A601A46EA
:109500000346FB731346BB73002318461437BD464E
:109510005DF8047B7047000080B584B000AF7860D0
:109520007868FFF78FFD0346FB73FB7B002B1CD194
:10953000FB7B104A52F82320FB7B0F4951F8233064
:109540009A4205D9FB7B0B4A002142F8231007E021
:10955000FA7BFB7B084951F82220064941F8232079
:10956000FB7B064A0021D15400E000BF1037BD4606
:1095700080BD00BF1C9F0020189F0020209F00205E
:1095800080B584B000AF0023FB7357E0FB7B2F4A0C
:1095900052F82320FB7B2E4951F823309A424AD0BF
:1095A000FB7B2A4A52F823307B60FB7B274A52F828
:1095B0002320FB7B264951F823309A4206D9FB7BB6
:1095C000224A52F82330C3F5805308E0FB7B204A3F
:1095D00052F82320FB7B1D4951F82330D31ABB607E
:1095E000BB68402B01D94023BB60FB7B1846FFF7CB
:1095F00013FDFB7B1A037B681344164A9918BB685A
:109600009AB24FF0FF33FDF769F9FB7B0F4A52F82E
:109610002310FB7BBA680A440C4941F82320FB7BEA
:109620000A4A52F82330B3F5805F04D3FB7B074A24
:10963000002142F82310FB7B0133FB73FB7B002BE3
:10964000A4D000BF00BF1037BD4680BD1C9F0020C6
:10965000189F0020188F002080B584B000AF002331
:10966000FB7354E0FB7B2E4A52F82320FB7B2D49F1
:1096700051F823309A4247D0FB7B294A52F82330D5
:10968000BB60FB7B264A52F82320FB7B254951F81F
:1096900023309A4206D9FB7B214A52F82330C3F18A
:1096A000400308E0FB7B1F4A52F82320FB7B1C4948
:1096B00051F82330D31A7B60FB7B9A01BB681344BB
:1096C000194A1A44F87B7B68184900F063FDFB7B5C
:1096D0001649184600F0A0FD0346002B14D1FB7B71
:1096E0000F4A52F82310FB7B7A680A440C4941F870
:1096F0002320FB7B0A4A52F82330402B04D1FB7B0A
:10970000074A002142F82310FB7B0133FB73FB7BEC
:10971000002BA7D000BF00BF1037BD4680BD00BFE3
:10972000148F0020108F0020C88E00206C8B00202A
:1097300080B582B000AF78607B680C4A934202D15A
:10974000FFF71EFF0EE07B68094A934202D1FFF744
:1097500083FF07E07B68074A934203D10649074825
:10976000F7F708F800BF0837BD4680BD5444002015
:109770000C4400209C440020E8430020900300207B
:1097800080B584B000AF78607868FFF75BFC034673
:10979000FB73FB7B114A52F8232001320F4941F839
:1097A0002320FB7B0D4A52F82330402B04D1FB7B56
:1097B0000A4A002142F82310FB7B9B01084A1A4405
:1097C000FB7B064951F8233013440122194678687F
:1097D000FDF70FF900BF1037BD4680BD108F002088
:1097E000C88E002080B483B000AF03463960FB719F
:1097F0003B6812221A80034B18460C37BD465DF8B1
:10980000047B70474800002080B483B000AF03465B
:109810003960FB713B6804221A80034B18460C37F1
:10982000BD465DF8047B70475C00002080B582B0C7
:1098300000AF03463960FB71FB79002B05D13A6814
:109840000749084802F083FC04E03A6804490548E7
:1098500002F07DFC024B18460837BD4680BD00BFB4
:10986000249F00204CDC000880B582B000AF034686
:109870003960FB713A680449044802F068FC024B05
:1098800018460837BD4680BD249F00205CDC0008D8
:1098900080B582B000AF03463960FB713B681A2285
:1098A0001A8000F043F8024B18460837BD4680BDC9
:1098B0006000002080B582B000AF03463960FB71C4
:1098C000FB79002B05D13A680749084802F03FFCB4
:1098D00004E03A680449054802F039FC024B184696
:1098E0000837BD4680BD00BF249F002064DC00080F
:1098F00080B582B000AF03463960FB71FB79002B65
:1099000005D13A680749084802F021FC04E03A68AA
:109910000449054802F01BFC024B18460837BD46B7
:1099200080BD00BF249F002074DC000880B584B097
:1099300000AF0F4B1B68FB600E4B1B68BB600E4BF0
:109940001B687B60FA687B681344FB60FB68002B34
:1099500009D008220949F86800F014F804220849DF
:10996000B86800F00FF800BF1037BD4680BD00BFDB
:10997000107AFF1F147AFF1F187AFF1F6200002061
:109980007200002080B487B000AFF860B960134661
:10999000FB710023FB750023FB7527E0FB681B0FA1
:1099A000092B0BD8FB681B0FDAB2FB7D5B00194655
:1099B000BB680B443032D2B21A700AE0FB681B0F4E
:1099C000DAB2FB7D5B001946BB680B443732D2B27A
:1099D0001A70FB681B01FB60FB7D5B000133BA68FA
:1099E000134400221A70FB7D0133FB75FA7DFB796D
:1099F0009A42D3D300BF00BF1C37BD465DF8047B3D
:109A0000704780B400AF00231846BD465DF8047B64
:109A1000704780B400AF00231846BD465DF8047B54
:109A20007047000080B582B000AF78600B467B8045
:109A300079680448F8F744F9002318460837BD460A
:109A400080BD00BF5C4B002080B584B000AF786063
:109A50000B46FB700023BB600023FB73C6E0FB7B5F
:109A60004FF4077202FB03F3654A1344BB607B6843
:109A70001B7C002B3DD1FB7B624AD15C4FF4007311
:109A80000222786802F0D5FDFB7B5E4AD35C03F0CE
:109A90000F02796813469B0013449B000B44243348
:109AA00001221A80FB7B584AD15C4FF400730222DA
:109AB000786802F0BEFDFB7B534AD35C03F00F02D3
:109AC000796813469B0013449B000B4403F5B27363
:109AD00001221A80FB7B4D4AD35C03F00F027968A8
:109AE00013469B0013449B000B44263310221A801C
:109AF0003AE0FB7B434AD15C40230222786802F0C3
:109B000098FDFB7B3F4AD35C03F00F027968134654
:109B10009B0013449B000B44243301221A80FB7BDF
:109B2000394AD15C40230222786802F082FDFB7B37
:109B3000354AD35C03F00F02796813469B00134447
:109B40009B000B4403F5B27301221A80FB7B2F4A62
:109B5000D35C03F00F02796813469B0013449B000B
:109B60000B44263310221A80FB7B284AD15C082341
:109B70000322786802F05DFDFB7B244AD35C03F08E
:109B80000F02796813469B0013449B000B44243357
:109B900001221A807B68D3F8BC321B68FA7B10461E
:109BA0009847BB680022C3F81422BB680022C3F8A0
:109BB00018227B681B7C002B0BD1FB7B124AD15CEB
:109BC000BB68D3F804224FF40073786802F020FEDB
:109BD00009E0FB7B0C4AD15CBB68D3F8042240232C
:109BE000786802F015FEFB7B0133FB73FB7B002BD7
:109BF0003FF435AF002318461037BD4680BD00BF87
:109C00003CA1002024A1002028A100202CA100209C
:109C100080B584B000AF78600B46FB700023FB7307
:109C200057E0FB7B2F4AD35C1946786802F027FD8A
:109C3000FB7B2C4AD35C03F00F02796813469B0030
:109C400013449B000B44243300221A80FB7B264ADA
:109C5000D35C1946786802F012FDFB7B224AD35C84
:109C600003F00F02796813469B0013449B000B44DA
:109C700003F5B27300221A80FB7B1C4AD35C1946A1
:109C8000786802F0FCFCFB7B184AD35C03F00F02FF
:109C9000796813469B0013449B000B442433002235
:109CA0001A80FB7B114AD35C03F00F0279681346DC
:109CB0009B0013449B000B44263300221A807B68D0
:109CC000D3F8BC325B68FA7B10469847FB7B0133C4
:109CD000FB73FB7B002BA4D0002318461037BD4636
:109CE00080BD00BF24A1002028A100202CA10020BD
:109CF00090B587B000AF7860396000233B610023E6
:109D00007B7300237B810023FB750023BB7500233D
:109D10007B7515E03B689B88DAB27B7D6D49CB5C37
:109D20009A4207D03B689B88DAB27B7D6A49CB5C5C
:109D30009A4202D17B7DBB7505E07B7D01337B754B
:109D40007B7D002BE6D0BB7D4FF4077202FB03F353
:109D5000624A13443B613B681B7803F06003002BAD
:109D60004AD0202B40F0AA803B68DB88002B38D0FB
:109D70003B681B785BB2002B1DDA7B68D3F8BC32E2
:109D80009C683B685978BB7D5B023A691A443B6822
:109D9000DB88B87DA0473B68DB88072B28BF0723FB
:109DA000FB81BB7D5B023A691344FA8919467868E6
:109DB00002F02DFA89E03B685A783B6983F800226B
:109DC0003B68DB88DAB23B6983F80122BB7D5B022A
:109DD0003A69D1183B68DB881A46786802F043FA82
:109DE00073E07B68D3F8BC329C683B685978B87DD7
:109DF00000233A68A04768E03B685B780B2B52D899
:109E000001A252F823F000BF399E0008B59E000859
:109E1000A79E0008A79E0008A79E0008A79E00080E
:109E2000A79E0008A79E0008A79E0008A79E0008FE
:109E3000639E00088D9E00087B6893F89C32DBB21D
:109E4000032B07D107F10A0302221946786802F0B2
:109E5000DEF932E03968786802F068F90323FB75AF
:109E60002BE07B6893F89C32DBB2032B07D107F120
:109E70000D0301221946786802F0C9F91DE039681E
:109E8000786802F053F90323FB7516E07B6893F8BA
:109E90009C32DBB2032B0FD03968786802F046F9A8
:109EA0000323FB7508E03968786802F03FF9032363
:109EB000FB7502E000BF08E000BF06E03968786883
:109EC00002F034F90323FB7500BFFB7D18461C37F5
:109ED000BD4690BD30A1002034A100203CA100204F
:109EE00090B587B000AF78600B46FB7000233B61F4
:109EF0007B68D3F81033FB600023FB750023BB7530
:109F00000DE0FA78BB7D3449CB5C03F00F039A4235
:109F100002D1BB7DFB7505E0BB7D0133BB75BB7D0D
:109F2000002BEED0FB7D4FF4077202FB03F32B4AAC
:109F300013443B61FA78796813469B0013449B00F5
:109F40000B4418331B68002B29D0FA787968134624
:109F50009B0013449B000B4418331A68F978F86887
:109F60000B46DB000B449B0003441C331B68B2FB15
:109F7000F3F101FB03F3D31A002B10D1FA787968BF
:109F800013469B0013449B000B44183300221A60B5
:109F9000F97800230022786802F019FC16E03B698A
:109FA0000022C3F814227B68D3F8BC321B69002B53
:109FB0000CD07B68D3F8BC321C693B69D3F808121B
:109FC0003B6903F50472FB78F87DA047002318462F
:109FD0001C37BD4690BD00BF24A100203CA100203D
:109FE00080B584B000AF78600B46FB700023BB6087
:109FF0000023FB730023BB730BE0BB7B174AD35CCE
:10A00000FA789A4202D1BB7BFB7305E0BB7B01333C
:10A01000BB73BB7B002BF0D0FB7B4FF4077202FBC2
:10A0200003F30F4A1344BB60FB781946786802F0CB
:10A0300010FC0246BB68C3F80C227B68D3F8BC3224
:10A04000DB68BA68D2F80412BA6802F50372F87BCA
:10A050009847002318461037BD4680BD28A1002030
:10A060003CA1002090B585B000AF78600023BB60B4
:10A070000023FB732DE0FB7B4FF4077202FB03F31D
:10A08000184A1344BB60BB68002B01D1032324E0B2
:10A090007B68D3F8BC32002B18D0BB6893F8003231
:10A0A000FF2B13D07B68D3F8BC329C68BB6893F855
:10A0B0000012FB7B5B02BA681A44BB6893F801325A
:10A0C000F87BA047BB68FF2283F80022FB7B0133AB
:10A0D000FB73FB7B002BCED0002318461437BD4604
:10A0E00090BD00BF3CA1002080B483B000AF786079
:10A0F0007B684B221A80034B18460C37BD465DF82F
:10A10000047B70474401002080B483B000AF7860C6
:10A110007B684B221A80034B18460C37BD465DF80E
:10A12000047B7047F800002080B483B000AF7860F3
:10A130007B684B221A80034B18460C37BD465DF8EE
:10A14000047B70474401002080B483B000AF786086
:10A150007B680A221A80034B18460C37BD465DF80F
:10A16000047B7047B000002080B483B000AF7860FB
:10A1700039603B68002B01D1032304E07B683A6817
:10A18000C3F8BC22002318460C37BD465DF8047B9B
:10A190007047000080B487B000AFB9607A603B6060
:10A1A0000346FB7300237B61FB7B4FF4077202FBCA
:10A1B00003F3094A13447B617B697A68C3F8082278
:10A1C0007B693A68C3F81022002318461C37BD4645
:10A1D0005DF8047B704700BF3CA1002080B487B0CD
:10A1E00000AF0346B9607A60FB7300237B61FB7BA1
:10A1F0004FF4077202FB03F3064A13447B617B6949
:10A200007A68C3F80422002318461C37BD465DF85F
:10A21000047B70473CA1002080B584B000AF0346AA
:10A220003960FB710023BB600123FB73FB794FF4A2
:10A23000077202FB03F3174A1344BB60BB68D3F8F1
:10A240001432002B21D1BB680122C3F81422FB7900
:10A25000114AD35C03F00F02BB68D3F810123868C0
:10A2600013469B0013449B00034418331960FB7989
:10A27000094AD15CBB68D3F80822BB68D3F8103216
:10A28000386802F0A4FA0023FB73FB7B18461037F2
:10A29000BD4680BD3CA1002024A1002080B584B033
:10A2A00000AF03463960FB710023FB60FB794FF47C
:10A2B000077202FB03F3114A1344FB603B681B7CEB
:10A2C000002B0BD1FB790E4AD15CFB68D3F804223A
:10A2D0004FF40073386802F09BFA09E0FB79084AF2
:10A2E000D15CFB68D3F804224023386802F090FA6E
:10A2F000002318461037BD4680BD00BF3CA100209A
:10A3000028A1002080B485B000AF786008461146CF
:10A310001A460346FB700B46BB7013467B707B6886
:10A3200009337B600023FB735BE07B680233FA78C0
:10A330001A707B68103397F820201A707B680A33F4
:10A34000FA781A707B681A33BA781A707B682233ED
:10A35000FA781A707B682333BA781A707B682633D0
:10A360003A7E1A707B682D33BA781A707B68363360
:10A370003A7F1A707B683D337A781A707B68423373
:10A380007B60FB7B1C497A78CA54FB7B1B493A7F74
:10A39000CA54FB7B1A493A7ECA54FB7B1949FA78A6
:10A3A000CA54FB7B1849BA78CA54FB7B174997F803
:10A3B0002020CA547B7802337B707B7801333B7654
:10A3C0003B7F01333B7797F82030013387F820300B
:10A3D000FB780233FB70FB780133BB70FB7B0133EE
:10A3E000FB73FB7B002BA0D000BF00BF1437BD4622
:10A3F0005DF8047B704700BF24A1002028A1002045
:10A400002CA1002030A1002034A1002038A1002080
:10A4100080B582B000AF78600B46FB70084B1B68BC
:10A42000FA78114678689847064B1B68FA78114607
:10A4300078689847002318460837BD4680BD00BF9E
:10A44000BC000020DC01002080B582B000AF786045
:10A450000B46FB70084B5B68FA78114678689847A2
:10A46000064B5B68FA7811467868984700231846CF
:10A470000837BD4680BD00BFBC000020DC010020C5
:10A4800080B584B000AF786039600023FB7319E0B9
:10A490003B689B88DAB2FB7B1549CB5C9A4207D0BC
:10A4A0003B689B88DAB2FB7B1249CB5C9A4206D1AF
:10A4B000114B9B68396878689847034614E0FB7B2A
:10A4C0000133FB73FB7B002BE2D03B689B88DAB245
:10A4D0000A4B1B789A4206D1094B9B683968786809
:10A4E0009847034600E0032318461037BD4680BD59
:10A4F00030A1002034A10020BC00002070A4002066
:10A50000DC01002080B584B000AF78600B46FB70A2
:10A510000023FB731AE0FA78FB7B1849CB5C03F04D
:10A520007F039A4207D0FA78FB7B1549CB5C03F096
:10A530007F039A4207D1134B5B69FA78114678681A
:10A540009847034615E0FB7B0133FB73FB7B002B35
:10A55000E1D0FA780C4B1B7803F07F039A4207D1C5
:10A560000A4B5B69FA78114678689847034600E021
:10A57000032318461037BD4680BD00BF24A100202C
:10A580002CA10020BC000020DA010020DC0100200A
:10A5900080B582B000AF7860064B1B697868984739
:10A5A000054B1B6978689847002318460837BD4655
:10A5B00080BD00BFBC000020DC01002080B483B05F
:10A5C00000AF7860002318460C37BD465DF8047B69
:10A5D000704780B483B000AF7860002318460C3712
:10A5E000BD465DF8047B704780B483B000AF7860EF
:10A5F0000B46FB70002318460C37BD465DF8047B04
:10A60000704780B483B000AF78600B46FB700023C6
:10A6100018460C37BD465DF8047B704780B584B0A2
:10A6200000AF78600B46FB700023FB7310E0FB7BF0
:10A63000124AD35CFA789A4207D1114B9B69FA7897
:10A64000114678689847034613E0FB7B0133FB73A0
:10A65000FB7B002BEBD00B4B1B78FA789A4207D18F
:10A66000094B9B69FA78114678689847034600E0E1
:10A67000032318461037BD4680BD00BF28A1002027
:10A68000BC000020DB010020DC01002080B483B08E
:10A6900000AF78607B686B221A80034B18460C373A
:10A6A000BD465DF8047B7047C4A3002080B483B02E
:10A6B00000AF78607B686B221A80034B18460C371A
:10A6C000BD465DF8047B704758A3002080B483B07A
:10A6D00000AF78607B686B221A80034B18460C37FA
:10A6E000BD465DF8047B7047C4A3002080B483B0EE
:10A6F00000AF78607B680A221A80034B18460C373B
:10A70000BD465DF8047B7047D001002080B58AB05B
:10A7100000AFF8600B467A60FB72204B1B78FA7A28
:10A720009A4235D807F1140300221A605A609A60E1
:10A73000DA60002387F827301AE097F82730184AA4
:10A74000D35CFA7A9A420ED197F8273007F11400B9
:10A75000144A102102F0EEF907F114037A68124945
:10A76000184601F0F4FC97F82730013387F82730BA
:10A7700097F82730002BE0D00C4B1B78FA7A9A42DE
:10A7800004D17A6808490A4801F0E1FC064B00E070
:10A79000002318462837BD4680BD00BFCC010020ED
:10A7A00038A1002088DC000830A4002071A400201B
:10A7B00098DC000890B589B004AF0023BB8000236B
:10A7C000FB608123FB720123BB7200237B72744BFD
:10A7D000DB6A3A1D10469847F860724B1B78B87ACE
:10A7E000FA7A797A00930346F86800F0CFFBFB68A9
:10A7F0000933BA88093A19466B4802F024FB684BC2
:10A800009B6A3A1D10469847F860664B1B78B87AE9
:10A81000FA7A797A00930346F86800F0B7FBFB6890
:10A820000933BA88093A1946604802F00CFBFB7AF2
:10A830000133FB72BB7A0133BB727B7A01337B72CB
:10A84000584B1B780133DAB2564B1A70584BDB6AFF
:10A850003A1D10469847F8607B7A0133D8B2FB7AEC
:10A860000133DBB24F4A1278FC7A797A0292BA7AD3
:10A870000192009323460246F868FFF743FDFB6808
:10A880000933BA88093A19464A4802F0DCFA484BBB
:10A890009B6A3A1D10469847F8607B7A0133D8B21C
:10A8A000FB7A0133DBB23F4A1278FC7A797A029262
:10A8B000BA7A0192009323460246F868FFF722FD18
:10A8C000FB680933BA88093A19463B4802F0BBFADB
:10A8D000FB7A0233FB72BB7A0133BB727B7A0233A1
:10A8E0007B72304B1B780133DAB22E4B1A706B231C
:10A8F000FB80324BFB60FB6809221A70FB68013356
:10A9000002221A70FB680233FA88D2B21A70FB88EE
:10A910001B0A9AB2FB680333D2B21A70FB68043385
:10A920007A7A1A70FB68053301221A70FB680633C5
:10A9300000221A70FB680733C0221A70FB680833C4
:10A9400032221A701E4BFB60FB6809221A70FB68EA
:10A95000013302221A70FB680233FA88D2B21A70ED
:10A96000FB881B0A9AB2FB680333D2B21A70FB68E9
:10A9700004337A7A1A70FB68053301221A70FB6877
:10A98000063300221A70FB680733C0221A70FB6876
:10A99000083332221A7000BF1437BD4690BD00BF85
:10A9A000DC010020CC01002061A30020CDA3002009
:10A9B000BC00002081A30020EDA30020C4A3002040
:10A9C00058A3002080B584B000AF78600B46FB70C0
:10A9D000434BFB60FB68002B05D17B680022C3F86A
:10A9E000D822022378E07B68FA68C3F8D8227B6813
:10A9F0001B7C002B1BD13B4B1B7803F00F027968AB
:10AA000013469B0013449B000B44263305221A80F7
:10AA1000354B1B7803F00F02796813469B001344F3
:10AA20009B000B4403F5B37305221A801AE02D4BEB
:10AA30001B7803F00F02796813469B0013449B00B8
:10AA40000B44263301221A80274B1B7803F00F0298
:10AA5000796813469B0013449B000B4403F5B373C2
:10AA600001221A801F4B197820230322786801F0F5
:10AA7000E0FD1C4B1B7803F00F02796813469B0026
:10AA800013449B000B44243301221A80164B19787F
:10AA900020230322786801F0CCFD134B1B7803F0D0
:10AAA0000F02796813469B0013449B000B4403F587
:10AAB000B27301221A80FB68002283F830207B6881
:10AAC000D3F8DC325B689847074B1978FA68202383
:10AAD000786801F09DFE002318461037BD4680BD02
:10AAE00074A40020DA010020DB01002080B582B0D0
:10AAF00000AF78600B46FB702A4B1B7819467868CC
:10AB000001F0BDFD274B1B7803F00F027968134657
:10AB10009B0013449B000B44243300221A80214BDA
:10AB20001B7803F00F02796813469B0013449B00C7
:10AB30000B44263300221A801B4B1B781946786879
:10AB400001F09DFD184B1B7803F00F027968134646
:10AB50009B0013449B000B4403F5B27300221A8040
:10AB6000114B1B7803F00F02796813469B001344C6
:10AB70009B000B4403F5B37300221A807B68D3F863
:10AB8000D832002B08D07B68D3F8DC329B6898471A
:10AB90007B680022C3F8D822002318460837BD4638
:10ABA00080BD00BFDA010020DB01002080B588B045
:10ABB00000AF786039607B68D3F8D8323B610023FE
:10ABC000FB830023BB610023FB810023FB753B69F2
:10ABD000002B01D10323EDE03B681B7803F06003F9
:10ABE000002B52D0202B40F0DD803B685B78023B8D
:10ABF000092B42D801A252F823F000BF55AC00083F
:10AC000033AC00087BAC00087BAC00087BAC0008D0
:10AC10007BAC00087BAC000865AC000843AC0008C6
:10AC200025AC00083B685B88DBB21A463B691A62B8
:10AC30002AE03B69203301221946786801F0E7FADF
:10AC400022E03B685B881B0A9BB2DBB21A463B6979
:10AC50005A6219E03B69243301221946786801F0F1
:10AC6000D6FA11E03B690122DA6239693B68DB8878
:10AC70001A46786801F0F7FA06E03968786801F05A
:10AC800055FA0323FB7500BF93E03B685B780B2B01
:10AC90007FD801A252F823F0C9AC0008A1AD00088A
:10ACA00093AD000893AD000893AD000893AD000884
:10ACB000F3AC000893AD000893AD000893AD000815
:10ACC00041AD00086BAD00087B6893F89C32DBB2A5
:10ACD000032B07D107F10E0302221946786801F011
:10ACE00096FA5EE03968786801F020FA0323FB7574
:10ACF00057E03B685B881B0A9BB2222B0BD13B6859
:10AD0000DB88212B28BF2123FB837B68D3F8DC322F
:10AD10001B68BB610DE03B685B881B0A9BB2212B63
:10AD200007D1264BBB613B68DB88092B28BF092371
:10AD3000FB83FB8B1A46B969786801F068FA30E04A
:10AD40007B6893F89C32DBB2032B07D13B69283335
:10AD500001221946786801F05AFA22E039687868C9
:10AD600001F0E4F90323FB751BE07B6893F89C3248
:10AD7000DBB2032B06D13B685B88DBB21A463B692A
:10AD80009A620EE03968786801F0D0F90323FB7508
:10AD900007E03968786801F0C9F90323FB7500E022
:10ADA00000BF06E03968786801F0C0F90323FB753D
:10ADB00000BFFB7D18462037BD4680BD9C020020A9
:10ADC00080B586B000AFF860B9601346FB80FB68C1
:10ADD000D3F8D832002B01D103231DE0FB68D3F850
:10ADE000D8327B61FB6893F89C32DBB2032B12D123
:10ADF0007B6993F83030002B0BD17B69012283F8FB
:10AE00003020074B1978FB88BA68F86801F0DFFC3E
:10AE100001E0012300E0002318461837BD4680BD3D
:10AE2000DA01002080B483B000AF78607B6829220B
:10AE30001A80034B18460C37BD465DF8047B7047FB
:10AE40001802002080B483B000AF78607B682922AC
:10AE50001A80034B18460C37BD465DF8047B7047DB
:10AE60004402002080B483B000AF78607B68292260
:10AE70001A80034B18460C37BD465DF8047B7047BB
:10AE80007002002080B483B000AF78600B46FB7086
:10AE90007B68D3F8D832002283F83020002318468C
:10AEA0000C37BD465DF8047B7047000080B584B068
:10AEB00000AF78600B46FB707B68D3F8D832002B6C
:10AEC00001D1032313E07B68D3F8D832FB607B68A1
:10AED000D3F8DC32DB68FA68202110469847064B2D
:10AEE0001978FA682023786801F092FC002318464C
:10AEF0001037BD4680BD00BFDB01002080B584B0A7
:10AF000000AF78607B68D3F8D832FB60FB68002B19
:10AF100001D103230FE0FB68DB6A012B0AD17B68B8
:10AF2000D3F8DC32DB68FA68202110469847FB68CA
:10AF30000022DA62002318461037BD4680BD0000AB
:10AF400080B483B000AF78607B680A221A80034B1C
:10AF500018460C37BD465DF8047B7047A8020020F8
:10AF600080B483B000AF786039603B68002B01D1BA
:10AF7000032304E07B683A68C3F8DC220023184608
:10AF80000C37BD465DF8047B7047000080B483B089
:10AF900000AF7860084611461A460346FB700B4620
:10AFA000BB7013467B707B680B33FA781A707B6832
:10AFB00011333A7C1A707B681D33BA781A707B683B
:10AFC00024337A781A70094ABB781370084A7B7860
:10AFD0001370084AFB781370074A3B7C137000BF5C
:10AFE0000C37BD465DF8047B704700BFDA010020D6
:10AFF000DB01002070A4002071A4002080B586B081
:10B0000000AFF860B9601346FB71FB68002B01D1FB
:10B0100003231BE0FB680022C3F8B822FB68002270
:10B02000C3F81823BB68002B03D0FB68BA68C3F8C9
:10B03000B422FB68012283F89C22FB68FA791A701B
:10B04000F86801F07DFA0346FB75FB7D184618375A
:10B05000BD4680BD80B584B000AF78603960002304
:10B06000FB813B68002B01D103232DE07B683A680C
:10B07000C3F8B8227B681B7C002B12D17B68D3F805
:10B08000B8329B6A002B1ED07B68D3F8B8329B6A1B
:10B0900007F10E021046984702467B68C3F8182352
:10B0A00011E07B68D3F8B832DB6A002B0BD07B68E9
:10B0B000D3F8B832DB6A07F10E0210469847024611
:10B0C0007B68C3F81823002318461037BD4680BD9F
:10B0D00080B582B000AF7860786801F08FFA0346DF
:10B0E00018460837BD4680BD80B483B000AF786095
:10B0F000002318460C37BD465DF8047B704780B5C9
:10B1000084B000AF78600B46FB700323FB737B6851
:10B11000D3F8B832002B09D07B68D3F8B8321B685B
:10B12000FA781146786898470346FB73FB7B18460C
:10B130001037BD4680BD80B582B000AF78600B4649
:10B14000FB707B68D3F8B832002B07D07B68D3F84C
:10B15000B8325B68FA781146786898470023184639
:10B160000837BD4680BD80B584B000AF78603960D7
:10B170007B6803F2AA233968184600F09DFF7B68BC
:10B180000122C3F894227B68B3F8B0321A467B6878
:10B19000C3F898227B6893F8AA3203F01F03022BAE
:10B1A0001AD0022B22D8002B02D0012B0AD01DE08E
:10B1B0007B6803F2AA231946786800F05DFA03461B
:10B1C000FB7320E07B6803F2AA231946786800F03D
:10B1D000C1FA0346FB7316E07B6803F2AA23194603
:10B1E000786800F000FB0346FB730CE07B6893F883
:10B1F000AA3223F07F03DBB21946786801F05EFAC9
:10B200000346FB7300BFFB7B18461037BD4680BD6D
:10B2100080B586B000AFF8600B467A60FB72FB7AAF
:10B22000002B38D1FB6803F5AA733B61FB68D3F8A8
:10B230009432032B4AD13B699A683B69DB689A4296
:10B2400013D93B699A683B69DB68D21A3B699A60FB
:10B250003B69DA683B699B68934228BF13461A46EC
:10B260007968F86801F01CF830E0FB6893F89C32CC
:10B27000DBB2032B0BD1FB68D3F8B8321B69002B70
:10B2800005D0FB68D3F8B8321B69F8689847F868AE
:10B2900001F017F81AE0FB6893F89C32DBB2032B3D
:10B2A00014D1FB68D3F8B8329B69002B0ED0FB6831
:10B2B000D3F8B8329B69FA7A1146F8689847034682
:10B2C000FB75FB7D002B01D0FB7D00E000231846C1
:10B2D0001837BD4680BD80B586B000AFF8600B461C
:10B2E0007A60FB72FB7A002B6BD1FB6814333B61F5
:10B2F000FB68D3F89432022B56D13B699A683B69BC
:10B30000DB689A4214D93B699A683B69DB68D21AB8
:10B310003B699A603B699B681A467968F86800F057
:10B3200091FF002300220021F86801F071FA3BE050
:10B330003B69DA683B699B689A421CD13B695A6851
:10B340003B69DB689A4216D33B695A68FB68D3F8BD
:10B3500098329A420FD200220021F86800F072FF62
:10B36000FB680022C3F89822002300220021F8681D
:10B3700001F04EFA18E0FB6893F89C32DBB2032B25
:10B380000BD1FB68D3F8B832DB68002B05D0FB6823
:10B39000D3F8B832DB68F86898478021F86801F084
:10B3A0008DF9F86800F0A0FFFB6893F8A032012B3C
:10B3B00022D1F868FFF798FEFB68002283F8A022EC
:10B3C0001AE0FB6893F89C32DBB2032B14D1FB68C4
:10B3D000D3F8B8325B69002B0ED0FB68D3F8B832D3
:10B3E0005B69FA7A1146F86898470346FB75FB7D5E
:10B3F000002B01D0FB7D00E0002318461837BD4626
:10B4000080BD80B582B000AF78607B68012283F890
:10B410009C227B680022C3F894227B6800225A6039
:10B420007B680022C3F8A4227B68D3F8B832002BD3
:10B4300001D103232AE07B68D3F8B8325B68002B84
:10B4400009D07B68D3F8B8325B687A685268D2B2A8
:10B45000114678689847402300220021786801F05F
:10B46000E8F87B680122A3F864217B684022C3F8D6
:10B470006021402300228021786801F0DAF87B689F
:10B4800001229A847B6840221A62002318460837FA
:10B49000BD4680BD80B483B000AF78600B46FB70C2
:10B4A0007B68FA781A74002318460C37BD465DF89D
:10B4B000047B704780B483B000AF78607B6893F8FA
:10B4C0009C32DAB27B6883F89D227B68042283F881
:10B4D0009C22002318460C37BD465DF8047B70475C
:10B4E00080B483B000AF78607B6893F89C32DBB2A5
:10B4F000042B06D17B6893F89D32DAB27B6883F81F
:10B500009C22002318460C37BD465DF8047B70472B
:10B5100080B582B000AF78607B68D3F8B832002B7A
:10B5200001D1032312E07B6893F89C32DBB2032B3A
:10B530000BD17B68D3F8B832DB69002B05D07B6870
:10B54000D3F8B832DB697868984700231846083783
:10B55000BD4680BD80B582B000AF78600B46FB7001
:10B560007B68D3F8B832002B01D1032314E07B6849
:10B5700093F89C32DBB2032B0DD17B68D3F8B83241
:10B580001B6A002B07D07B68D3F8B8321B6AFA78A5
:10B59000114678689847002318460837BD4680BD95
:10B5A00080B582B000AF78600B46FB707B68D3F843
:10B5B000B832002B01D1032314E07B6893F89C324E
:10B5C000DBB2032B0DD17B68D3F8B8325B6A002B5A
:10B5D00007D07B68D3F8B8325B6AFA78114678688E
:10B5E0009847002318460837BD4680BD80B483B015
:10B5F00000AF7860002318460C37BD465DF8047B29
:10B60000704780B582B000AF78607B68012283F814
:10B610009C227B68D3F8B832002B09D07B68D3F822
:10B62000B8325B687A685268D2B211467868984737
:10B63000002318460837BD4680BD80B487B000AFF0
:10B6400078607B687B617B691B787B827B690133D7
:10B650007B617B691B783B82B7F910301B021AB201
:10B66000B7F9123013431BB2FB81FB8918461C3714
:10B67000BD465DF8047B704780B584B000AF78604C
:10B6800039600023FB733B681B7803F06003402B99
:10B6900005D0402B53D8002B0BD0202B4FD17B68EB
:10B6A000D3F8B8329B683968786898470346FB73CB
:10B6B0004AE03B685B78092B3BD801A252F823F0A3
:10B6C00015B7000829B7000833B700081FB70008EE
:10B6D00033B70008F3B60008E9B6000833B700082E
:10B6E0000BB70008FDB600083968786800F0DEF98D
:10B6F00024E03968786800F055FB1FE03968786805
:10B7000000F094FB0346FB7318E03968786800F09A
:10B7100033FC13E03968786800F064FC0EE03968A7
:10B72000786800F093FC09E03968786800F0A2FCC2
:10B7300004E03968786800F0F9FC00BF04E039687B
:10B74000786800F0F3FC00BFFB7B18461037BD465D
:10B7500080BD00BF80B584B000AF78603960002341
:10B76000FB733B681B7803F06003402B05D0402B34
:10B770002FD8002B01D0202B2BD17B6893F89C3243
:10B78000DBB2013B022B1DD83B689B88DBB20F2B41
:10B7900013D87B68D3F8B8329B68396878689847C3
:10B7A0000346FB733B68DB88002B10D1FB7B002B2F
:10B7B0000DD1786800F085FD09E03968786800F0FF
:10B7C000B5FC04E03968786800F0B0FC00E000BF28
:10B7D00004E03968786800F0A9FC00BFFB7B1846DC
:10B7E0001037BD4680BD80B584B000AF7860396049
:10B7F0000023FB733B689B88BB733B681B7803F09B
:10B800006003402B07D0402B00F24581002B0CD069
:10B81000202B40F040817B68D3F8B8329B683968B0
:10B82000786898470346FB733AE13B685B78032BE3
:10B8300007D0032B00F32981002B7FD0012B3CD0B4
:10B8400023E17B6893F89C32DBB2022B02D0032BFE
:10B8500016D02CE0BB7B002B0DD0BB7B802B0AD0FD
:10B86000BB7B1946786800F029FF8021786800F0DA
:10B8700025FF00BF20E03968786800F057FC1BE026
:10B880003B685B88002B0ED1BB7B002B0BD0BB7BB6
:10B89000802B08D03B68DB88002B04D1BB7B19468A
:10B8A000786800F00BFF786800F00BFD04E0396861
:10B8B000786800F03BFC00BFECE07B6893F89C32BA
:10B8C000DBB2022B02D0032B16D030E0BB7B002B67
:10B8D0000DD0BB7B802B0AD0BB7B1946786800F06B
:10B8E000EDFE8021786800F0E9FE00BF25E03968B0
:10B8F000786800F01BFC20E03B685B88002B1BD1C4
:10B90000BB7B03F07F03002B04D0BB7B1946786818
:10B9100000F0F3FE786800F0D4FC7B68D3F8B8320E
:10B920009B683968786898470346FB7304E0396878
:10B93000786800F0FBFB00E000BFABE07B6893F8A9
:10B940009C32DBB2022B02D0032B32D097E0BB7BC0
:10B95000002B07D0BB7B802B04D03968786800F0BF
:10B96000E5FB91E097F90E30002B0BDABB7B03F07F
:10B970007F0213469B0013449B0010337A681344E4
:10B9800004330BE0BB7B03F07F0213469B001344A0
:10B990009B0003F5A8737A6813440433BB60BB684B
:10B9A00000221A60BB6802221946786800F02FFC5A
:10B9B0006AE097F90E30002B11DABB7B03F00F021F
:10B9C000796813469B0013449B000B4424331B8867
:10B9D000002B17D13968786800F0A8FB54E0BB7BD6
:10B9E00003F00F02796813469B0013449B000B443D
:10B9F00003F5B2731B88002B04D13968786800F016
:10BA000095FB41E097F90E30002B0BDABB7B03F07E
:10BA10007F0213469B0013449B0010337A68134443
:10BA200004330BE0BB7B03F07F0213469B001344FF
:10BA30009B0003F5A8737A6813440433BB60BB7B97
:10BA4000002B02D0BB7B802B03D1BB6800221A6085
:10BA50000EE0BB7B1946786800F06EFE0346002BB3
:10BA600003D0BB6801221A6002E0BB6800221A60A2
:10BA7000BB6802221946786800F0C9FB04E0396807
:10BA8000786800F053FB00BF04E03968786800F084
:10BA90004DFB00BF04E03968786800F047FB00BF49
:10BAA000FB7B18461037BD4680BD000080B584B0D2
:10BAB00000AF7860396000233B810023FB600023E6
:10BAC000FB723B685B881B0A9BB2013B062B00F2B2
:10BAD0003B8101A252F823F0F5BA00080DBB000823
:10BAE0004DBB000849BD000849BD0008E9BC00087D
:10BAF00015BD00087B68D3F8B4321B687A68127CE5
:10BB000007F1080110469847F86025E17B681B7C27
:10BB1000002B0DD17B68D3F8B8329B6A07F108027D
:10BB200010469847F860FB68013302221A7013E14F
:10BB30007B68D3F8B832DB6A07F1080210469847F1
:10BB4000F860FB68013302221A7005E13B685B88EC
:10BB5000DBB2052B00F2AC8001A252F823F000BF4B
:10BB600079BB0008ADBB0008E1BB000815BC0008AC
:10BB700049BC00087DBC00087B68D3F8B4325B6820
:10BB8000002B0BD07B68D3F8B4325B687A68127CE8
:10BB900007F1080110469847F860A4E03968786812
:10BBA00000F0C4FAFB7A0133FB729CE07B68D3F8A7
:10BBB000B4329B68002B0BD07B68D3F8B4329B68FF
:10BBC0007A68127C07F1080110469847F8608AE00D
:10BBD0003968786800F0AAFAFB7A0133FB7282E0D8
:10BBE0007B68D3F8B432DB68002B0BD07B68D3F8CA
:10BBF000B432DB687A68127C07F108011046984776
:10BC0000F86070E03968786800F090FAFB7A0133E8
:10BC1000FB7268E07B68D3F8B4321B69002B0BD051
:10BC20007B68D3F8B4321B697A68127C07F108018B
:10BC300010469847F86056E03968786800F076FA60
:10BC4000FB7A0133FB724EE07B68D3F8B4325B6958
:10BC5000002B0BD07B68D3F8B4325B697A68127C16
:10BC600007F1080110469847F8603CE039687868A9
:10BC700000F05CFAFB7A0133FB7234E07B68D3F8A6
:10BC8000B4329B69002B0BD07B68D3F8B4329B692C
:10BC90007A68127C07F1080110469847F86022E0A4
:10BCA0003968786800F042FAFB7A0133FB721AE0D7
:10BCB0007B68D3F8B8329B6B002B0CD07B68D3F831
:10BCC000B8329B6B3A685288D1B207F108027868A3
:10BCD0009847F86006E03968786800F027FAFB7A40
:10BCE0000133FB7200BF37E07B681B7C002B09D15E
:10BCF0007B68D3F8B8325B6B07F1080210469847AF
:10BD0000F86029E03968786800F010FAFB7A0133AE
:10BD1000FB7221E07B681B7C002B0DD17B68D3F884
:10BD2000B8321B6B07F1080210469847F860FB68B1
:10BD3000013307221A700FE03968786800F0F6F9CD
:10BD4000FB7A0133FB7207E03968786800F0EEF99E
:10BD5000FB7A0133FB7200BFFB7A002B1ED13B68DC
:10BD6000DB88002B16D03B89002B0ED03B68DA888D
:10BD70003B89934228BF13469BB23B813B891A46BD
:10BD8000F968786800F043FA09E03968786800F0EB
:10BD9000CDF904E0786800F094FA00E000BF1037B5
:10BDA000BD4680BD80B584B000AF786039603B6827
:10BDB0009B88002B31D13B68DB88002B2DD13B6861
:10BDC0005B887F2B29D83B685B88DBB203F07F035D
:10BDD000FB737B6893F89C32DBB2032B04D1396888
:10BDE000786800F0A3F91DE07B68FA7B83F89E2257
:10BDF000FB7B1946786800F0CBFC786800F061FAAC
:10BE0000FB7B002B04D07B68022283F89C2209E094
:10BE10007B68012283F89C2204E03968786800F08E
:10BE200085F900BF00BF1037BD4680BD80B584B026
:10BE300000AF786039600023FB733B685B88DAB23F
:10BE40004C4B1A704B4B1B78012B05D9396878681D
:10BE500000F06CF9032388E07B6893F89C32DBB236
:10BE6000022B02D0032B25D071E0424B1B78002B14
:10BE70001CD0404B1B781A467B685A603D4B1B78A0
:10BE800019467868FFF73BF90346FB73FB7B002BF1
:10BE900004D03968786800F049F965E0786800F006
:10BEA00010FA7B68032283F89C225DE0786800F03A
:10BEB00008FA59E02F4B1B78002B12D17B68022225
:10BEC00083F89C222B4B1B781A467B685A60294BBF
:10BED0001B7819467868FFF72EF9786800F0F1F9B9
:10BEE00042E0244B1B781A467B685B689A422AD052
:10BEF0007B685B68DBB219467868FFF71CF91D4B5D
:10BF00001B781A467B685A601A4B1B78194678686A
:10BF1000FFF7F5F80346FB73FB7B002B0FD0396866
:10BF2000786800F003F97B685B68DBB219467868D3
:10BF3000FFF701F97B68022283F89C2214E07868FD
:10BF400000F0BFF910E0786800F0BBF90CE0396848
:10BF5000786800F0EBF8074B1B7819467868FFF714
:10BF6000EAF80323FB7300BFFB7B18461037BD467E
:10BF700080BD00BFA8A4002080B582B000AF78606B
:10BF800039603B68DB88012B04D03968786800F0A1
:10BF9000CDF823E07B6893F89C32DBB2022B02DC05
:10BFA000002B03DC15E0032B0BD012E07B68002292
:10BFB0009A607B68083301221946786800F027F9F7
:10BFC0000CE07B68043301221946786800F01FF901
:10BFD00004E03968786800F0A9F800BF00BF0837AE
:10BFE000BD4680BD80B582B000AF786039607B68A7
:10BFF00093F89C32DBB2013B022B1ED83B68DB88F6
:10C00000022B04D03968786800F090F81AE07B6859
:10C010000122DA607B68D3F8A432002B05D07B685C
:10C02000DB6843F002027B68DA607B680C33022233
:10C030001946786800F0EBF804E03968786800F099
:10C0400075F800BF00BF0837BD4680BD80B582B01F
:10C0500000AF786039603B685B88012B06D17B6854
:10C060000122C3F8A422786800F02BF900BF08373A
:10C07000BD4680BD80B582B000AF786039607B6816
:10C0800093F89C32DBB2013B022B0BD83B685B88F8
:10C09000012B0CD17B680022C3F8A422786800F041
:10C0A00010F904E03968786800F040F800E000BF5B
:10C0B00000BF0837BD4680BD80B584B000AF786052
:10C0C00039603B68FB60FB681A787B681A70FB6814
:10C0D0000133FB60FB681A787B685A70FB68013398
:10C0E000FB60F868FFF7A9FA03461A467B685A8096
:10C0F000FB680133FB60FB680133FB60F868FFF706
:10C100009CFA03461A467B689A80FB680133FB6001
:10C11000FB680133FB60F868FFF78FFA03461A46A5
:10C120007B68DA8000BF1037BD4680BD80B582B025
:10C1300000AF786039608021786800F0BFFA002194
:10C14000786800F0BBFA00BF0837BD4680BD80B5F7
:10C1500086B000AFF860B9607A600023FB75FB68B9
:10C16000002B36D0FB683B61386900F036F8034697
:10C1700001339BB25B009AB27B681A80FB7DBA6880
:10C1800013447A6812781A70FB7D0133FB75FB7DCE
:10C19000BA68134403221A70FB7D0133FB7513E068
:10C1A000FB7DBA6813443A6912781A703B6901330F
:10C1B0003B61FB7D0133FB75FB7DBA6813440022B4
:10C1C0001A70FB7D0133FB753B691B78002BE7D1AF
:10C1D00000E000BF1837BD4680BD80B485B000AF19
:10C1E00078600023FB737B68BB6005E0FB7B013359
:10C1F000FB73BB680133BB60BB681B78002BF5D1B8
:10C20000FB7B18461437BD465DF8047B704780B54C
:10C2100084B000AFF860B9607A60FB680222C3F8AE
:10C220009422FB687A689A61FB687A68DA617B68B5
:10C23000BA680021F86800F0CAFA002318461037DF
:10C24000BD4680BD80B584B000AFF860B9607A604B
:10C250007B68BA680021F86800F0B9FA0023184634
:10C260001037BD4680BD80B584B000AFF860B960BE
:10C270007A60FB680322C3F89422FB687A68C3F8EB
:10C280005821FB687A68C3F85C217B68BA68002192
:10C29000F86800F0BDFA002318461037BD4680BD8F
:10C2A00080B584B000AFF860B9607A607B68BA6826
:10C2B0000021F86800F0ACFA002318461037BD469C
:10C2C00080BD80B582B000AF78607B680422C3F87F
:10C2D0009422002300220021786800F078FA0023DD
:10C2E00018460837BD4680BD80B582B000AF786083
:10C2F0007B680522C3F8942200230022002178687D
:10C3000000F086FA002318460837BD4680BD80B588
:10C3100082B000AF78600B46FB7013463B803B88D1
:10C320009B089AB2FB7819467868F9F72BF8034610
:10C3300018460837BD4680BD80B582B000AF786032
:10C340000B467B807B889B089BB219467868F9F77F
:10C3500060F8034618460837BD4680BD80B582B0F8
:10C3600000AF78607B68D3F8E0247B6803F29C43DD
:10C3700019461046FEF7F7FE00BF0837BD4680BDE0
:10C3800080B582B000AF78600B46FB707B68D3F855
:10C39000E004FA7879681346DB0013449B000B44F1
:10C3A00003F518731A68FB781946FEF731FF00BFD2
:10C3B0000837BD4680BD80B582B000AF78600B46BF
:10C3C000FB707B68D3F8E004FA7879681346DB00E9
:10C3D00013449B000B4420331A68FB781946FEF780
:10C3E0007AFF00BF0837BD4680BD80B582B000AF80
:10C3F00078607B68D3F8E0341846FFF789F800BF0F
:10C400000837BD4680BD80B584B000AF7860012399
:10C41000FB737B68DB79022B02D10123FB7308E0FD
:10C420007B68DB79002B02D10023FB7301E0F4F77A
:10C430008BFB7B68D3F8E034FA7B11461846FFF794
:10C4400029F87B68D3F8E0341846FEF7DAFF00BF1E
:10C450001037BD4680BD000080B582B000AF786067
:10C460007B68D3F8E0341846FFF724F87B681B6834
:10C4700003F560631B687A68126802F5606243F036
:10C48000010313607B68DB7A002B05D0044B1B692A
:10C49000034A43F00603136100BF0837BD4680BD61
:10C4A00000ED00E080B582B000AF78607B68D3F823
:10C4B000E0341846FFF714F800BF0837BD4680BDCA
:10C4C00080B582B000AF78600B46FB707B68D3F814
:10C4D000E034FA7811461846FFF762F800BF0837D3
:10C4E000BD4680BD80B582B000AF78600B46FB7062
:10C4F0007B68D3F8E034FA7811461846FFF72AF83B
:10C5000000BF0837BD4680BD80B582B000AF7860FF
:10C510007B68D3F8E0341846FFF768F800BF0837A7
:10C52000BD4680BD80B582B000AF78607B68D3F82F
:10C53000E0341846FFF765F800BF0837BD4680BDF8
:10C5400080B584B000AF7860274B284A1A607B68BA
:10C550001B78002B43D1244B1B687A68C3F8E02476
:10C56000214B1A687B68C3F810231F4B1B684FF4DC
:10C5700000711846FFF7E0FE1B4B1B6840220021AC
:10C580001846FFF7C4FE184B1868194B1B7803F0C8
:10C590007F03DBB240221946FFF7B9FE0023FB738D
:10C5A0001AE0114B1868FB7B124AD35C03F07F033F
:10C5B000DBB280221946FFF7AAFE0B4B1868FB7B03
:10C5C0000D4AD35C03F07F03DBB240221946FFF72C
:10C5D0009EFEFB7B0133FB73FB7B002BE1D0002332
:10C5E00018461037BD4680BDACA40020344600205C
:10C5F000DA01002024A100202CA1002080B584B005
:10C6000000AF78600023FB730023BB737B68D3F813
:10C6100010331846F7F7D7FD0346FB73FB7B18462C
:10C6200000F02AF90346BB73BB7B18461037BD46A2
:10C6300080BD80B584B000AF7860084611461A46C8
:10C640000346FB700B46BB7013463B800023FB7315
:10C650000023BB737B68D3F81003BB783A88F97862
:10C66000F8F7ABFA0346FB73FB7B184600F004F9BE
:10C670000346BB73BB7B18461037BD4680BD80B5F3
:10C6800084B000AF78600B46FB700023FB7300237F
:10C69000BB737B68D3F81033FA7811461846F8F765
:10C6A000F6FA0346FB73FB7B184600F0E5F80346F9
:10C6B000BB73BB7B18461037BD4680BD80B584B0C8
:10C6C00000AF78600B46FB700023FB730023BB7345
:10C6D0007B68D3F81033FA7811461846F8F7AEFBAA
:10C6E0000346FB73FB7B184600F0C6F80346BB739A
:10C6F000BB7B18461037BD4680BD80B584B000AF07
:10C7000078600B46FB700023FB730023BB737B68D0
:10C71000D3F81033FA7811461846F8F7F2FB0346BF
:10C72000FB73FB7B184600F0A7F80346BB73BB7B8B
:10C7300018461037BD4680BD80B485B000AF786024
:10C740000B46FB707B68D3F81033FB6097F903301E
:10C75000002B0BDAFB7803F07F02F9681346DB004D
:10C7600013449B000B4416331B780BE0FB7803F05B
:10C770007F02F9681346DB0013449B000B4403F26D
:10C7800056231B7818461437BD465DF8047B704766
:10C7900080B584B000AF78600B46FB700023FB735C
:10C7A0000023BB737B68D3F81033FA781146184620
:10C7B000F8F7DFF90346FB73FB7B184600F05CF8E3
:10C7C0000346BB73BB7B18461037BD4680BD80B5A2
:10C7D00086B000AFF8607A603B600B46FB720023C6
:10C7E000FB750023BB75FB68D3F81003F97A3B682F
:10C7F0007A68F8F7E9FA0346FB75FB7D184600F006
:10C800003BF80346BB75BB7D18461837BD4680BD57
:10C8100080B586B000AFF8607A603B600B46FB7273
:10C820000023FB750023BB75FB68D3F81003F97A6E
:10C830003B687A68F8F775FA0346FB75FB7D184686
:10C8400000F01AF80346BB75BB7D18461837BD4685
:10C8500080BD80B582B000AF78600B46FB707B680E
:10C86000D3F81033FA7811461846F8F795FA0346CC
:10C8700018460837BD4680BD80B485B000AF03467A
:10C88000FB710023FB73FB79032B17D801A252F82D
:10C8900023F000BFA5C80008ABC80008B1C8000855
:10C8A000B7C800080023FB730BE00323FB7308E009
:10C8B0000123FB7305E00323FB7302E00323FB73F7
:10C8C00000BFFB7B18461437BD465DF8047B7047FC
:10C8D000002310B50446C0E90033C0E90433836087
:10C8E00081814366C2818361194608225C3000F071
:10C8F0002FFA0D4B63620D4BA3620D4BE3620D4BA0
:10C9000023630D4B24629C4206D003F168029442DB
:10C9100002D0D0339C4205D104F15800BDE810404C
:10C9200000F08EBA10BD00BFA1CB0008C3CB000839
:10C93000FBCB00081FCC0008B0A40020024A03492A
:10C94000034800F069B800BFB4020020A9D900086C
:10C95000C402002041680C4B994210B5044601D036
:10C9600001F022F8A168094B994202D0204601F05B
:10C970001BF8E168064B994204D02046BDE8104000
:10C9800001F012B810BD00BFB0A4002018A500200F
:10C9900080A5002010B50B4B0B4C0C4A1A602046AA
:10C9A00000220421FFF794FF04F16800012209210D
:10C9B000FFF78EFF04F1D0000222BDE810401221E3
:10C9C000FFF786BFE8A50020B0A400203DC90008FD
:10C9D000014800F036BA00BFF1A50020014800F080
:10C9E00031BA00BFF1A5002010B50446FFF7F0FFF3
:10C9F000236A1BB1BDE81040FFF7F0BF044B236270
:10CA0000044B1B68002BF5D1FFF7C4FFF2E700BF12
:10CA100055C90008E8A500202DE9F84307468846D7
:10CA200014460026D4E90195B9F1010905D5246819
:10CA3000002CF7D13046BDE8F883AB89012B07D92C
:10CA4000B5F90E30013303D029463846C0470643B6
:10CA50006835E9E70FB407B5064904AB086853F831
:10CA6000042B8168019300F077FC03B05DF804EBC0
:10CA700004B07047C0020020036A70B584680546A0
:10CA80000E460BB9FFF7B0FF636EDB0705D4A38931
:10CA9000980502D4A06D00F0D4F9A389190702D536
:10CAA0002369002B35D12146284600F0FBF880B3DE
:10CAB0004FF0FF35636EDA0705D4A3899B0502D4D6
:10CAC000A06D00F0BFF9284670BD002B04DAA26902
:10CAD0009A4217DC0A2915D023685A1C2260197063
:10CAE000A36816F8011F013BA3600029EDD1002BBC
:10CAF00011DA22460A21284600F095F80130D7D0F5
:10CB00000A25D7E72246284600F08DF80130E7D104
:10CB1000CEE7013EE4E723685A1C22600A221A701D
:10CB2000EEE70000024B01461868FFF7A5BF00BF03
:10CB3000C00200200CB430B5184B0C1E1D689DB00F
:10CB400008DA8B232B604FF0FF301DB0BDE830407A
:10CB500002B070474FF40273ADF814304FF0000389
:10CB60001B9314BF04F1FF332346049307934FF63E
:10CB7000FF7302900690ADF81630209A21AB02A9FF
:10CB80002846019300F0C2FA431CBCBF8B232B60E4
:10CB9000002CDAD0029B00221A70D6E7C0020020D7
:10CBA00010B50C46B1F90E1000F0FCF80028ABBF30
:10CBB000636DA3891B1823F48053ACBF6365A38105
:10CBC00010BD2DE9F0411F468B89DB0505460C465B
:10CBD000164605D5B1F90E100223002200F0D0F858
:10CBE000A389B4F90E1023F48053A38132463B4647
:10CBF0002846BDE8F04100F0E7B810B50C46B1F9A1
:10CC00000E1000F0BDF8431CA38915BF606523F426
:10CC1000805343F48053A38118BFA38110BDB1F9A1
:10CC20000E1000F09DB8F8B50E461446054618B132
:10CC3000036A0BB9FFF7D8FEA369A360A3891A079B
:10CC400001D5236943B92146284600F02BF818B1D5
:10CC50004FF0FF373846F8BD23682269981A636998
:10CC6000F6B28342374605DC2146284600F09CFE9A
:10CC70000028EDD1A368013BA36023685A1C226001
:10CC80001E706269431C9A4204D0A389DB07E1D578
:10CC90000A2EDFD12146284600F086FE0028D9D092
:10CCA000D6E7000038B5294B054618680C4618B180
:10CCB000036A0BB9FFF798FEB4F90C30190722D4B8
:10CCC000DA0607D409222A6043F04003A3814FF01B
:10CCD000FF3033E0580712D5616B41B104F14403D2
:10CCE000994202D0284600F0BDF800236363A3896F
:10CCF00023F02403A3810023636023692360A389B5
:10CD000043F00803A38123694BB9A38903F420737B
:10CD1000B3F5007F03D02146284600F093FEB4F916
:10CD20000C3013F001020AD00022A2606269524264
:10CD3000A261226942B913F08000C5D138BD9907BC
:10CD400058BF6269A260F4E70020F7E7C002002044
:10CD500002440346934200D1704703F8011BF9E7F0
:10CD600038B5064D0023044608462B60F3F7F1FF63
:10CD7000431C02D12B6803B1236038BDECA5002011
:10CD800038B5074D04460846114600222A601A4667
:10CD9000F4F706F8431C02D12B6803B1236038BDB9
:10CDA000ECA5002038B5074D044608461146002280
:10CDB0002A601A46F3F794FF431C02D12B6803B193
:10CDC000236038BDECA5002038B5074D0446084661
:10CDD000114600222A601A46F3F79FFF431C02D136
:10CDE0002B6803B1236038BDECA50020014B186807
:10CDF000704700BFC002002070B50D4D0D4C641B84
:10CE0000A4100026A64209D10B4D0C4C00F0D8FE10
:10CE1000641BA4100026A64205D170BD55F8043B42
:10CE200098470136EEE755F8043B98470136F2E79C
:10CE300004DD000804DD000804DD000808DD00084A
:10CE40007047704770470A44914200F1FF3300D1A8
:10CE5000704710B511F8014B03F8014F9142F9D119
:10CE600010BD000038B50546002941D051F8043CFA
:10CE70000C1F002BB8BFE41800F0E0F81D4A13683F
:10CE800033B9636014602846BDE8384000F0DCB870
:10CE9000A34208D9206821188B4201BF19685B683A
:10CEA00009182160EDE71A465B680BB1A342FAD975
:10CEB00011685018A0420BD12068014450188342D9
:10CEC0001160E0D118685B68536008441060DAE7CD
:10CED00002D90C232B60D6E7206821188B4204BFAF
:10CEE00019685B68636004BF091821605460CAE771
:10CEF00038BD00BFF8A5002070B50F4E0C46316854
:10CF0000054611B900F016FE30602146284600F0B3
:10CF100011FE431C03D14FF0FF34204670BDC41CEA
:10CF200024F00304A042F8D0211A284600F002FEA3
:10CF30000130F2D1EFE700BFF4A500202DE9F8435E
:10CF4000CD1C25F0030508350C2D38BF0C25002D10
:10CF5000064601DBA94204D90C2333600020BDE85A
:10CF6000F883DFF8D48000F069F8D8F800301C4668
:10CF700044BB29463046FFF7BFFF431C044658D147
:10CF8000D8F800402746002F43D1002C4BD023680F
:10CF90003946304604EB030900F0CCFD814542D10F
:10CFA00021686D1A29463046FFF7A6FF01303AD0B6
:10CFB00023682B442360D8F800305A6862BBC8F855
:10CFC00000700FE02268521B20D40B2A17D9611978
:10CFD000A342256018BF5960636808BFC8F80010F5
:10CFE00062514B60304600F02FF804F10B00231D16
:10CFF00020F00700C21A1CBF1B1AA350AFE76268DB
:10D00000A3420CBFC8F800205A60EBE723466468CF
:10D01000AEE73C467F68B6E71A465B68A342FBD1A1
:10D0200000235360DEE70C233360304600F00CF839
:10D0300094E70560D6E700BFF8A500200148FFF798
:10D0400000BF00BFF0A500200148FFF7FBBE00BFF6
:10D05000F0A500202DE9F0478E681F46BE420B6800
:10D0600082460C4690462DD8B1F90C2012F4906FF0
:10D0700026D06569096905EB4505A3EB010905EBB8
:10D08000D5757B1C4B446D109D4238BF1D46530522
:10D0900027D52946FFF752FF064660B321694A4665
:10D0A000FFF7D1FEA38923F4906343F08003A381AB
:10D0B000266165614E44A5EB09052660A5603E46E4
:10D0C000BE4200D93E4620683246414600F0F6FC9A
:10D0D000A3689B1BA3602368334423600020BDE842
:10D0E000F0872A4600F036FD06460028E0D1216987
:10D0F0005046FFF7B7FE0C23CAF80030A38943F06F
:10D100004003A3814FF0FF30E9E700002DE9F04F25
:10D1100098468B891B069DB007460D46144610D5D0
:10D120000B6973B94021FFF709FF2860286130B906
:10D130000C233B604FF0FF301DB0BDE8F08F402363
:10D140006B610023099320238DF82930CDF80C80E2
:10D150003023DFF89C818DF82A304FF001092346F7
:10D160009A4613F8012B0AB1252AF9D1BAEB040B20
:10D170000BD05B46224629463846FFF76BFF01304D
:10D1800000F0A780099A5A4409929AF80030002BBF
:10D1900000F09F8000234FF0FF32CDE905230AF114
:10D1A000010A049307938DF853301A9354460522CD
:10D1B00014F8011B4E48F3F70BF8049AD8B9D006BF
:10D1C00044BF20238DF85330110744BF2B238DF823
:10D1D00053309AF800302A2B15D0079A5446002075
:10D1E0004FF00A0C214611F8013B303B092B4BD97B
:10D1F000B0B1079214E0A0EB080309FA03F313435C
:10D200000493A246D2E7039B191D1B680391002BD0
:10D21000BBBF5B4242F0020207930793B8BF049280
:10D2200023782E2B0AD163782A2B32D1039B1A1D27
:10D230001B68039243EAE37302340593DFF8C0A04E
:10D24000217803225046F2F7C3FF38B1049BA0EBCC
:10D250000A004022824013430134049314F8011B56
:10D2600024488DF828100622F2F7B2FF002836D0A5
:10D27000214B1BBB039B073323F0070308330393A6
:10D28000099B334409936AE70CFB02320C460120E8
:10D29000A8E700230134059319464FF00A0C2046F5
:10D2A00010F8012B303A092A03D9002BC6D005917A
:10D2B000C4E70CFB012104460123F0E703AB009314
:10D2C0002A460E4B04A93846AFF30080421C06469E
:10D2D000D6D1AB895B063FF52DAF09982CE703ABA0
:10D2E00000932A46054B04A9384600F0BBF9EDE748
:10D2F000C8DC0008D2DC00080000000055D000089F
:10D30000CEDC00089368013B002B10B4936008DA70
:10D310009469A34201DB0A2903D15DF8044BFFF7AE
:10D3200082BC1368581C1060197008465DF8044BE5
:10D330007047F8B506460F461446D518AC4201D1E1
:10D34000002007E014F8011B3A463046FFF7DAFFE9
:10D35000431CF3D1F8BD00002DE9F04F0D469DB000
:10D3600014469846064618B1036A0BB9FFF73CFB12
:10D370006B6ED90705D4AB899A0502D4A86DFFF767
:10D3800060FDAB891B0701D52B699BB92946304647
:10D39000FFF788FC70B16B6EDC0704D54FF0FF30EF
:10D3A0001DB0BDE8F08FAB899805F7D4A86DFFF7E5
:10D3B00049FDF3E70023099320238DF82930CDF8A8
:10D3C0000C803023DFF8AC818DF82A304FF0010952
:10D3D00023469A4613F8012B0AB1252AF9D1BAEB54
:10D3E000040B0BD05B46224629463046FFF7A1FFCF
:10D3F000013000F0A780099A5A4409929AF8003047
:10D40000002B00F09F8000234FF0FF32CDE9052371
:10D410000AF1010A049307938DF853301A93544686
:10D42000052214F8011B5348F2F7D2FE049AD8B92A
:10D43000D10644BF20238DF85330130744BF2B235C
:10D440008DF853309AF800302A2B15D0079A54469D
:10D4500000204FF00A0C214611F8013B303B092B0C
:10D460004BD9B0B1079214E0A0EB080309FA03F31B
:10D4700013430493A246D2E7039B191D1B68039133
:10D48000002BBBBF5B4242F0020207930793B8BF79
:10D49000049223782E2B0AD163782A2B32D1039B56
:10D4A0001A1D1B68039243EAE37302340593DFF805
:10D4B000D4A0217803225046F2F78AFE38B1049BAB
:10D4C000A0EB0A004022824013430134049314F875
:10D4D000011B29488DF828100622F2F779FE002852
:10D4E0003FD0264B1BBB039B073323F007030833B6
:10D4F0000393099B3B4409936AE70CFB02320C46F9
:10D500000120A8E700230134059319464FF00A0CC7
:10D51000204610F8012B303A092A03D9002BC6D037
:10D520000591C4E70CFB012104460123F0E703AB9E
:10D5300000932A46124B04A93046AFF300800746F9
:10D54000781CD6D16B6ED90705D4AB899A0502D465
:10D55000A86DFFF777FCAB895B063FF51FAF099815
:10D560001EE703AB00932A46054B04A9304600F0A2
:10D5700079F8E4E7C8DC0008D2DC0008000000000D
:10D5800033D30008CEDC00082DE9F0471646984654
:10D590008A680B69DDF820909342B8BF1346336068
:10D5A00091F8432007460C460AB1013333602368E3
:10D5B000990642BF336802333360256815F00605CB
:10D5C00006D104F1190AE36832689B1AAB4226DCE3
:10D5D00094F843302268003B18BF012392062BD4F5
:10D5E00004F1430241463846C84701301ED0236843
:10D5F000226903F00603042B02BFE5683368ED1AC5
:10D60000A3680CBF25EAE57500259342C4BF9B1AA9
:10D61000ED1800261A34B5421AD1002008E0012383
:10D62000524641463846C847013003D14FF0FF30DB
:10D63000BDE8F0870135C6E7E1185A1C302081F8B3
:10D640004300224494F8451082F843100233C7E7A0
:10D650000123224641463846C8470130E6D001360C
:10D66000D9E700002DE9FF470F7E0C9E782F9146E9
:10D6700080460C469A4601F1430207D8622F0AD829
:10D68000002F00F0D180582F00F0B88004F142063E
:10D6900084F842703AE0A7F16303152BF6D801A194
:10D6A00051F823F0FDD6000811D700088DD60008E8
:10D6B0008DD600088DD600088DD6000811D7000839
:10D6C0008DD600088DD600088DD600088DD60008AE
:10D6D0000FD800083BD70008C9D700088DD600082E
:10D6E0008DD6000831D800088DD600083BD7000839
:10D6F0008DD600088DD60008D1D7000833681A1DD2
:10D700001B68326004F1420684F8423001239CE039
:10D7100033682068191D3160060601D51D6803E0D5
:10D720004506FBD5B3F90050002D03DA2D236D42D9
:10D7300084F8433058480A2311E02168336808060A
:10D7400053F8045B02D4490648BFADB26F2F52486C
:10D75000336014BF0A230823002184F8431066684D
:10D76000A660002E05DB21682E4321F00401216014
:10D770004BD01646B5FBF3F103FB1157C75D06F816
:10D78000017D2F46BB420D46F4D9082B0BD12368EF
:10D79000DF0708D5236961689942DEBF302306F8A8
:10D7A000013C06F1FF36921B2261CDF800A04B46EA
:10D7B00003AA21464046FFF7E7FE01304AD14FF069
:10D7C000FF3004B0BDE8F087236843F020032360F6
:10D7D0003248782784F84570236831681F0651F86D
:10D7E000045B02D45F0648BFADB23160D90744BFC5
:10D7F00043F0200323601DB11023ADE72648E9E77D
:10D80000236823F020032360F6E71646BDE733685C
:10D8100025686169181D30602E061B6801D51960E6
:10D8200002E06806FBD51980002323611646BCE799
:10D8300033681A1D32601E68626800213046F2F7B4
:10D84000C7FC08B1801B606063682361002384F813
:10D850004330AAE72369324649464046D047013063
:10D86000ADD023689B0713D4E068039B9842B8BFF0
:10D870001846A6E70123324649464046D0470130C4
:10D880009DD00135E36803995B1AAB42F2DCEBE70C
:10D89000002504F11906F5E7D9DC0008EADC0008E8
:10D8A000B1F90C202DE9F041160705460C4654D479
:10D8B0004B68002B02DC0B6C002B48DDE66A002E67
:10D8C00045D0002312F480522F68216A2B6030D09B
:10D8D000626DA389590705D56368D21A636B0BB1D2
:10D8E000236CD21A0023E66A216A2846B047431CFB
:10D8F000A38906D129681D292BD82A4ACA40D607F0
:10D9000027D500226260D9042269226004D5421C16
:10D9100001D12B6803B96065616B2F60B9B104F167
:10D920004403994202D02846FFF79CFA0023636320
:10D930000DE001232846B0470246501CC9D12B6890
:10D94000002BC6D01D2B01D0162B1ED12F6000201E
:10D9500022E043F040031BB21BE00F69002FF6D01A
:10D9600093070E6808BF4B690F6018BF0023A6EB32
:10D9700007088B60B8F1000FE9DD216AA66A43460B
:10D980003A462846B047002808DCB4F90C3043F08A
:10D990004003A3814FF0FF30BDE8F0810744A8EBBE
:10D9A0000008E7E70100402038B50B6905460C4642
:10D9B00013B90025284638BD18B1036A0BB9FFF723
:10D9C00013F8B4F90C30002BF3D0626ED00704D4F6
:10D9D000990502D4A06DFFF734FA28462146FFF7D7
:10D9E0005FFF636EDA070546E4D4A3899B05E1D4A3
:10D9F000A06DFFF727FADDE770B50C46B1F90E1000
:10DA0000002996B015461E460DDAA38913F0800F43
:10DA10004FF0000114BF40234FF4806300203160B9
:10DA20002B6016B070BD6A4600F062F80028ECDB8F
:10DA3000019901F47041A1F50053594259414FF445
:10DA40008063EBE78B89F7B59D0706460C4607D543
:10DA500004F14703236023610123636103B0F0BD38
:10DA600001AB6A46FFF7C8FF009F054639463046BE
:10DA7000FFF764FA48B9B4F90C309A05EED423F0F4
:10DA8000030343F00203A381E2E7A389206043F08C
:10DA90008003A381019BC4E904075BB1B4F90E10B4
:10DAA000304600F037F828B1A38923F0030343F090
:10DAB0000103A381A3891D43A581CFE7884210B547
:10DAC00001EB020402D98442234607D8431EA14237
:10DAD00008D011F8012B03F8012FF8E702440146A2
:10DAE0008A4200D110BD13F8014D02F8014DF7E74D
:10DAF00038B5074D00230446084611462B60F3F75E
:10DB000034F9431C02D12B6803B1236038BD00BF38
:10DB1000ECA5002038B5064D0023044608462B60CE
:10DB2000F3F733F9431C02D12B6803B1236038BDEE
:10DB3000ECA5002038B5064D0023044608462B60AE
:10DB4000F3F73CF9431C02D12B6803B1236038BDC5
:10DB5000ECA500202DE9F041074614460D4621B9F9
:10DB6000BDE8F0411146FFF7E9B92AB9FFF77AF9A4
:10DB700025462846BDE8F08100F01AF884420646A2
:10DB800002D8B4EB500FF4D821463846FFF7D6F947
:10DB9000804608B94546ECE7B4422246294628BFEC
:10DBA0003246FFF750F929463846FFF75BF9F1E7AF
:10DBB00051F8043C181F002BBCBF0B58C01870470D
:10DBC000F8B500BFF8BC08BC9E467047F8B500BF6A
:08DBD000F8BC08BC9E4670473A
:10DBD80043414E2062757320697320696E20425557
:10DBE800532D4F4646207374617465210000000070
:10DBF8004E676174206C6F6920627573206F66666A
:10DC0800203A2048414C2073746174653D25752C79
:10DC1800204572726F72436F64653D3078253038E5
:10DC28006C582C204553523D30782530386C582C90
:10DC3800205445433D25752C205245433D25750DFF
:10DC48000A00000055432D4C696E6B204445564927
:10DC580043450000486F616E67000000434F4E4621
:10DC6800494755524154494F4E203000434F4D507B
:10DC78004F5349544520494E544552464143450067
:10DC880053544D3332204344432041434D256400CF
:10DC9800486F616E67277320646576696365000065
:10DCA8000000000000000000010203040607080944
:10DCB80000000000010203040006101600061016FA
:10DCC800232D302B2000686C4C006566674546475D
:10DCD80000303132333435363738394142434445E0
:10DCE800460030313233343536373839616263644F
:04DCF800656600005D
:08DCFC00D424FF7F01000000A9
:04DD0400B50100085D
:04DD0800910100087D
:10DD0C000024F40000000000F9150008491B00086D
:10DD1C001000000001000000199200086D9200082C
:10DD2C00C192000865940008F5940008E597000876
:10DD3C0009980008699800082D9800089198000827
:10DD4C00B5980008F198000812010002EF0201409A
:10DD5C007800002000020102030100000403090402
:10DD6C001A0300000000000000000000000000008A
:10DD7C000000000000000000000000000600FF0989
:10DD8C0001A101150026FF007508952009018102EB
:10DD9C0095200901910295010901B102C000000012
:10DDAC007C000020039A0008139A0008259A0008AA
:10DDBC000A0600020000004001000000499A000819
:10DDCC00119C0008F19C00080000000065A00008F0
:10DDDC00E19E0008E19F0008000000000000000028
:10DDEC000000000009A10008E9A0000829A1000812
:10DDFC0049A100080000000009024B00020100C00C
:10DE0C0032080B00020202010009040000010202A8
:10DE1C000100052400100105240100010424020264
:10DE2C0005240600010705820308001009040100FF
:10DE3C00020A00000007050102000200070581022A
:10DE4C000002000009024B00020100C032080B0066
:10DE5C000202020100090400000102020100052473
:10DE6C00001001052401000104240202052406000F
:10DE7C00010705820308001009040100020A0000D2
:10DE8C000007050102400000070581024000000068
:10DE9C0011A4000849A4000881A40008BDA500082D
:10DEAC0091A5000805A500081DA60008D3A500082B
:10DEBC00E9A5000803A600088DA60008ADA6000879
:10DECC00CDA60008EDA600080DA70008060000006E
:10DEDC000A060002EF02014001008101C5A90008F9
:10DEEC00EDAA0008ADAB000800000000FDAE000874
:10DEFC0085AE0008ADAE0008000000000000000078
:10DF0C000000000045AE000825AE000865AE000814
:10DF1C0041AF00080000000009022900010100C007
:10DF2C003209040000020300000009211101000164
:10DF3C0022210007058103200001070501032000B1
:10DF4C000100000009022900010100C0320904008F
:10DF5C000002030000000921110100012221000729
:10DF6C0005810320000507050103200005000000C2
:10DF7C0009022900010100C032090400000203005B
:10DF8C000000092111010001222100070581032055
:10DF9C000001070501032000010000000921110107
:10DFAC0000012221000000000A06000200000040CF
:10DFBC00010000000000000003000000B0A40020DD
:10DFCC00C402002000000000B0A4002018A500200E
:10DFDC0080A50020000000000000000000000000F0
:10DFEC000000000000000000000000000000000025
:10DFFC000000000000000000000000000000000015
:10E00C000000000000000000000000000000000004
:0400000508001E25AC
:00000001FF
